loja,mercado,idioma,moeda,mes,data_envio,campanha,papel,segmento_ampliado,modelo,estrutura,altura_px,desconto_pct,envios,aberturas,cliques,pedidos,receita,descadastros,spam,abertura_pct,clique_pct,clique_em_pedido_pct,receita_por_mil_envios,indice,descadastro_pct
Blue Wolf,Global,en,USD,jun,17/06,Semana Copa 2,tematica,nao,imagem,,,,13599,5107,418,12,896.49,88,2,37.6,3.07,2.9,65.9,1.51,0.65
Blue Wolf,Global,en,USD,jun,19/06,Album figurinha,gamificada,nao,imagem,,,,13681,4983,219,6,513.06,43,3,36.4,1.6,2.7,37.5,0.86,0.31
Blue Wolf,Global,en,USD,jun,26/06,Social proof,prova,nao,imagem,,,,13790,4013,143,5,343.9,48,4,29.1,1.04,3.5,24.9,0.57,0.35
Blue Wolf,Global,en,USD,jul,01/07,Antecip 7.7 #1 convite,esquenta,nao,imagem,B,2514,,13961,5728,343,8,653.83,97,6,41.0,2.46,2.3,46.8,1.07,0.69
Blue Wolf,Global,en,USD,jul,03/07,Antecip 7.7 #2 agenda,esquenta,nao,imagem,B,3133,,13937,6171,265,14,1171.42,97,7,44.3,1.9,5.3,84.1,1.93,0.7
Blue Wolf,Global,en,USD,jul,06/07,Antecip 7.7 #3 acesso pendente,vespera,nao,texto,D,,,13760,5390,215,7,874.32,115,3,39.2,1.56,3.3,63.5,1.46,0.84
Blue Wolf,Global,en,USD,jul,07/07 07h,7.7 #1 cupom aprovado,pico1,nao,texto,D,,17,13698,5507,201,6,336.88,91,3,40.2,1.47,3.0,24.6,0.56,0.66
Blue Wolf,Global,en,USD,jul,07/07 11h,7.7 #2 role ate o fim,pico2,nao,imagem,,3414,17,13679,4528,174,12,737.68,70,3,33.1,1.27,6.9,53.9,1.24,0.51
Blue Wolf,Global,en,USD,jul,07/07 18h,7.7 #3 final call,pico3,nao,imagem,A,3178,17,13629,5288,417,14,1435.34,94,1,38.8,3.06,3.4,105.3,2.42,0.69
Blue Wolf,Global,en,USD,jul,15/07,Favoritos do 7.7,ressaca,nao,imagem,,2520,,15714,5773,502,14,1120.67,94,5,36.7,3.19,2.8,71.3,1.64,0.6
Blue Wolf,Global,en,USD,jul,18/07,Final Copa,tematica,nao,imagem,,3154,,15542,5408,357,13,862.76,72,6,34.8,2.3,3.6,55.5,1.27,0.46
Blue Wolf,Global,en,USD,jul,20/07,Revele seu desconto,gamificada,nao,imagem,A,2169,15,15575,5572,258,18,1066.14,99,5,35.8,1.66,7.0,68.5,1.57,0.64
Blue Wolf,Global,en,USD,jul,22/07,Jornal,notificacao,nao,imagem,A,2469,15,15606,5515,318,15,1122.53,100,4,35.3,2.04,4.7,71.9,1.65,0.64
Blue Wolf,Global,en,USD,jul,24/07,Ligacao,notificacao,nao,imagem,A,2312,15,15437,5320,261,11,755.69,69,6,34.5,1.69,4.2,49.0,1.12,0.45
Blue Wolf,Global,en,USD,jul,25/07,Reabertura,ressaca,nao,texto,D,,,15472,5671,191,8,775.77,84,6,36.7,1.23,4.2,50.1,1.15,0.54
Blue Wolf,Global,en,USD,jul,27/07,Segunda da sorte,gamificada,nao,imagem,,1796,,15521,5363,282,3,267.44,84,3,34.6,1.82,1.1,17.2,0.4,0.54
Blue Wolf,Global,en,USD,jul,29/07,UGC social proof,prova,nao,imagem,,3960,,15531,4136,142,7,522.07,45,4,26.6,0.91,4.9,33.6,0.77,0.29
Blue Wolf,Global,en,USD,jul,31/07,Sexta premiada,gamificada,nao,imagem,,1934,,15584,5210,247,9,781.91,66,1,33.4,1.58,3.6,50.2,1.15,0.42
Blue Wolf,Global,en,USD,ago,03/08,Esq 8.8 #1 warm-up,esquenta,nao,imagem,,2830,,15680,5334,192,1,72.85,65,4,34.0,1.22,0.5,4.6,0.11,0.41
Blue Wolf,Global,en,USD,ago,05/08,Esq 8.8 #2 bom motivo,esquenta,nao,imagem,,3399,,15591,5316,154,6,477.95,52,2,34.1,0.99,3.9,30.7,0.7,0.33
Blue Wolf,Global,en,USD,ago,07/08,Esq 8.8 #3 amanha,vespera,nao,imagem,,3250,,15643,5338,206,10,718.08,59,3,34.1,1.32,4.9,45.9,1.05,0.38
Blue Wolf,Global,en,USD,ago,08/08 07h,8.8 #1 Fwd lista,pico1,nao,texto,D,,18,15676,6116,186,7,503.65,87,3,39.0,1.19,3.8,32.1,0.74,0.55
Blue Wolf,Global,en,USD,ago,08/08 11h,8.8 #2 primeiros 100,pico2,nao,imagem,A,2770,18,15644,5311,205,8,571.52,64,3,33.9,1.31,3.9,36.5,0.84,0.41
Blue Wolf,Global,en,USD,ago,08/08 18h,8.8 #3 status mudou,pico3,nao,imagem,A,3230,18,15561,6572,325,18,1673.53,129,4,42.2,2.09,5.5,107.5,2.47,0.83
Blue Wolf,Global,en,USD,ago,11/08,Ressaca 8.8,ressaca,nao,imagem,,1863,,15572,6027,191,8,628.85,80,1,38.7,1.23,4.2,40.4,0.93,0.51
Blue Wolf,Global,en,USD,ago,14/08,Sextou,recorrente,nao,imagem,,2579,,15577,5397,219,6,543.51,56,3,34.6,1.41,2.7,34.9,0.8,0.36
Blue Wolf,Global,en,USD,ago,17/08,Segunda turbo,gamificada,nao,imagem,,2635,,15725,5308,236,6,950.45,55,0,33.8,1.5,2.5,60.4,1.39,0.35
Blue Wolf,Global,en,USD,ago,19/08,UGC dia da foto,prova,nao,imagem,,2803,,16361,5287,165,5,408.2,62,1,32.3,1.01,3.0,24.9,0.57,0.38
Blue Wolf,Global,en,USD,ago,21/08,Catalogo indecisao,catalogo,nao,imagem,,3121,,16394,5587,310,5,394.69,71,5,34.1,1.89,1.6,24.1,0.55,0.43
Blue Wolf,Global,en,USD,ago,24/08,Semana15 #1 On&Off,semana15,nao,imagem,,3210,15,16516,6245,478,8,778.98,67,3,37.8,2.89,1.7,47.2,1.08,0.41
Blue Wolf,Global,en,USD,ago,26/08,Semana15 #2 Escolha caminho,semana15,nao,imagem,,1964,15,16519,6172,161,3,208.26,65,0,37.4,0.97,1.9,12.6,0.29,0.39
Blue Wolf,Global,en,USD,ago,28/08,Semana15 #3 Notif futuro,notificacao,nao,imagem,C,2128,15,16577,6133,598,9,648.22,85,2,37.0,3.61,1.5,39.1,0.9,0.51
Blue Wolf,Global,en,USD,ago,31/08,Catalogo fecha mes,catalogo,nao,imagem,,3012,,16620,6023,484,8,815.25,77,0,36.2,2.91,1.7,49.1,1.13,0.46
Blue Wolf,Global,en,USD,set,03/09,Esq 9.9 #1 Fwd,esquenta,sim,texto,D,,,21733,6370,180,4,482.21,84,6,29.3,0.83,2.2,22.2,0.51,0.39
Blue Wolf,Global,en,USD,set,05/09,Esq 9.9 #2 prometi avisar,esquenta,sim,imagem,,2661,,21862,6019,503,12,729.57,67,5,27.5,2.3,2.4,33.4,0.77,0.31
Blue Wolf,Global,en,USD,set,07/09,Esq 9.9 #3 acesso garantido,esquenta,sim,imagem,,3207,,22042,5732,487,3,287.37,68,2,26.0,2.21,0.6,13.0,0.3,0.31
Blue Wolf,Global,en,USD,set,08/09,Esq 9.9 #4 agendado amanha,vespera,sim,imagem,,3767,,22093,6364,534,5,427.19,66,5,28.8,2.42,0.9,19.3,0.44,0.3
Blue Wolf,Global,en,USD,set,09/09 07h,9.9 #1 cupom liberado,pico1,nao,texto,D,,19,16810,5929,194,13,1215.92,47,0,35.3,1.15,6.7,72.3,1.66,0.28
Blue Wolf,Global,en,USD,set,09/09 11h,9.9 #2 acesso concedido,pico2,nao,imagem,A,4136,19,16790,5859,453,7,512.06,52,4,34.9,2.7,1.5,30.5,0.7,0.31
Blue Wolf,Global,en,USD,set,09/09 18h,9.9 #3 status mudou,pico3,nao,imagem,A,2469,19,16743,6998,596,15,1028.01,84,1,41.8,3.56,2.5,61.4,1.41,0.5
Blue Wolf,Global,en,USD,set,11/09,Ressaca 9.9,ressaca,nao,imagem,C,1735,,16771,5811,537,14,1303.3,49,1,34.6,3.2,2.6,77.7,1.78,0.29
Blue Wolf,Global,en,USD,set,14/09,Antecip VIP Day confirmado,vespera,nao,imagem,C,1081,,16818,5641,259,5,440.74,60,0,33.5,1.54,1.9,26.2,0.6,0.36
Blue Wolf,Global,en,USD,set,15/09 07h,VIP Day #1 selecionado,pico1,nao,texto,D,,17,16780,5565,213,5,541.95,56,0,33.2,1.27,2.3,32.3,0.74,0.33
Blue Wolf,Global,en,USD,set,15/09 11h,VIP Day #2 aprovado?,pico2,nao,imagem,,3176,17,16766,5319,191,6,846.58,40,3,31.7,1.14,3.1,50.5,1.16,0.24
Blue Wolf,Global,en,USD,set,15/09 18h,VIP Day #3 premio reservado,pico3,nao,imagem,,3553,17,16699,5224,228,4,324.04,38,3,31.3,1.37,1.8,19.4,0.45,0.23
Blue Wolf,Global,en,USD,set,17/09,VIP Week #1,extensao,nao,imagem,A,2788,17,16762,4945,208,6,567.49,32,1,29.5,1.24,2.9,33.9,0.78,0.19
Clube Rock,Brasil,pt,BRL,jun,17/06,Semana Copa 2,tematica,nao,imagem,,,,32809,8238,283,30,4383.99,168,4,25.1,0.86,10.6,133.6,1.18,0.51
Clube Rock,Brasil,pt,BRL,jun,19/06,Album figurinha,gamificada,nao,imagem,,,,33190,7694,179,36,4804.54,55,4,23.2,0.54,20.1,144.8,1.28,0.17
Clube Rock,Brasil,pt,BRL,jun,26/06,Social proof,prova,nao,imagem,,,,34513,8004,152,37,4688.62,63,5,23.2,0.44,24.3,135.9,1.2,0.18
Clube Rock,Brasil,pt,BRL,jul,01/07,Antecip 7.7 convite,antecipacao,nao,imagem,,,,35357,8811,279,25,3182.49,62,7,24.9,0.79,9.0,90.0,0.8,0.18
Clube Rock,Brasil,pt,BRL,jul,03/07,Antecip 7.7 agenda,antecipacao,nao,imagem,,,,35728,8642,171,30,4165.58,70,3,24.2,0.48,17.5,116.6,1.03,0.2
Clube Rock,Brasil,pt,BRL,jul,06/07,Antecip 7.7 acesso pendente,vespera,nao,texto,,,,36306,9420,274,24,2481.48,134,7,25.9,0.75,8.8,68.3,0.61,0.37
Clube Rock,Brasil,pt,BRL,jul,07/07 07h,7.7 #1 cupom aprovado (Henrique),pico 7h,nao,texto,,,,36496,12598,754,89,14510.69,118,8,34.5,2.07,11.8,397.6,3.52,0.32
Clube Rock,Brasil,pt,BRL,jul,07/07 11h,7.7 #2 va ate o final,pico 11h,nao,imagem,,,,36437,8642,324,31,4812.08,118,6,23.7,0.89,9.6,132.1,1.17,0.32
Clube Rock,Brasil,pt,BRL,jul,07/07 18h,7.7 #3 ultima chamada,pico 18h,nao,imagem,,,,36450,8468,318,23,3696.69,130,4,23.2,0.87,7.2,101.4,0.9,0.36
Clube Rock,Brasil,pt,BRL,jul,08/07,Pos 7.7 obrigado (Henrique),ressaca,nao,texto,,,,36557,10407,0,31,4589.21,197,7,28.5,0.0,,125.5,1.11,0.54
Clube Rock,Brasil,pt,BRL,jul,10/07,Antecip Dia do Rock (seg. ampliado),antecipacao,sim,imagem,,,,53979,8827,224,33,4489.78,131,4,16.4,0.41,14.7,83.2,0.74,0.24
Clube Rock,Brasil,pt,BRL,jul,13/07 07h,Dia do Rock #1 3 por 169 (Henrique),pico 7h,nao,texto,,,,37609,9708,362,49,8272.4,195,8,25.8,0.96,13.5,220.0,1.95,0.52
Clube Rock,Brasil,pt,BRL,jul,13/07 11h,Dia do Rock #2 R$56 a camiseta,pico 11h,nao,imagem,,,,37530,8779,528,50,7706.87,151,6,23.4,1.41,9.5,205.4,1.82,0.4
Clube Rock,Brasil,pt,BRL,jul,13/07 18h,Dia do Rock #3 some a meia-noite,pico 18h,nao,imagem,,,,37590,8750,415,29,5322.69,168,6,23.3,1.1,7.0,141.6,1.26,0.45
Clube Rock,Brasil,pt,BRL,jul,15/07,Favoritos do Dia do Rock,ressaca,nao,imagem,,,,37195,9252,464,30,3750.71,174,4,24.9,1.25,6.5,100.8,0.89,0.47
Clube Rock,Brasil,pt,BRL,jul,18/07,Final Copa,tematica,nao,imagem,,,,37545,9527,549,22,2536.88,176,6,25.4,1.46,4.0,67.6,0.6,0.47
Clube Rock,Brasil,pt,BRL,jul,20/07,Revele seu desconto,gamificada,nao,imagem,,,,37818,9400,561,39,5194.8,176,9,24.9,1.48,7.0,137.4,1.22,0.47
Clube Rock,Brasil,pt,BRL,jul,22/07,Jornal,notificacao,nao,imagem,,,,38356,9898,501,48,7633.32,186,3,25.8,1.31,9.6,199.0,1.76,0.48
Clube Rock,Brasil,pt,BRL,jul,24/07,Ligacao,notificacao,nao,imagem,,,,38354,9632,441,24,3473.36,174,8,25.1,1.15,5.4,90.6,0.8,0.45
Clube Rock,Brasil,pt,BRL,jul,25/07,Reabertura (Henrique),ressaca,nao,texto,,,,41069,11022,260,33,4325.29,277,6,26.8,0.63,12.7,105.3,0.93,0.67
Clube Rock,Brasil,pt,BRL,jul,27/07,Segunda da sorte,gamificada,nao,imagem,,,,41322,10076,413,35,3807.59,250,14,24.4,1.0,8.5,92.1,0.82,0.61
Clube Rock,Brasil,pt,BRL,jul,29/07,UGC Dia dos Pais,prova,nao,imagem,,,,41659,9674,160,39,7520.85,245,8,23.2,0.38,24.4,180.5,1.6,0.59
Clube Rock,Brasil,pt,BRL,jul,31/07,Sexta premiada,gamificada,nao,imagem,,,,42197,10588,641,51,6746.47,227,9,25.1,1.52,8.0,159.9,1.42,0.54
Clube Rock,Brasil,pt,BRL,ago,03/08,Esquenta 8.8 #1,antecipacao,nao,imagem,,,,43017,10070,382,31,4556.18,230,9,23.4,0.89,8.1,105.9,0.94,0.53
Clube Rock,Brasil,pt,BRL,ago,05/08,Esquenta 8.8 #2,antecipacao,nao,imagem,,,,42993,10353,375,32,5406.06,193,11,24.1,0.87,8.5,125.7,1.11,0.45
Clube Rock,Brasil,pt,BRL,ago,07/08,Esquenta 8.8 vespera,vespera,nao,imagem,,,,43547,10299,440,25,4523.14,61,15,23.7,1.01,5.7,103.9,0.92,0.14
Clube Rock,Brasil,pt,BRL,ago,08/08 07h,8.8 #1 Enc lista,pico 7h,nao,texto,,,,43799,11194,132,32,4946.78,206,6,25.6,0.3,24.2,112.9,1.0,0.47
Clube Rock,Brasil,pt,BRL,ago,08/08 11h,8.8 #2 100 primeiros,pico 11h,nao,imagem,,,,43857,9933,377,35,6806.99,198,7,22.6,0.86,9.3,155.2,1.38,0.45
Clube Rock,Brasil,pt,BRL,ago,08/08 18h,8.8 #3 status mudou,pico 18h,nao,imagem,,,,43713,15944,542,95,12070.19,229,10,36.5,1.24,17.5,276.1,2.45,0.52
Clube Rock,Brasil,pt,BRL,ago,11/08,Ressaca 8.8,ressaca,nao,imagem,,,,44346,10172,399,24,2932.66,174,8,22.9,0.9,6.0,66.1,0.59,0.39
Clube Rock,Brasil,pt,BRL,ago,14/08,Ouro Nacional (colecao),lancamento,nao,imagem,,,,44993,10584,507,35,4698.18,156,10,23.5,1.13,6.9,104.4,0.93,0.35
Clube Rock,Brasil,pt,BRL,ago,17/08,Segunda turbo,gamificada,nao,imagem,,,,45862,10941,563,38,4789.46,133,12,23.9,1.23,6.7,104.4,0.93,0.29
Clube Rock,Brasil,pt,BRL,ago,19/08,UGC Dia da Fotografia,prova,nao,imagem,,,,46151,11280,268,34,4614.58,150,10,24.4,0.58,12.7,100.0,0.89,0.33
Clube Rock,Brasil,pt,BRL,ago,21/08,Catalogo indecisao,catalogo,nao,imagem,,,,46588,10442,224,27,3500.19,123,8,22.4,0.48,12.1,75.1,0.67,0.26
Clube Rock,Brasil,pt,BRL,ago,22/08,Antecip Oversized (Henrique),lancamento,nao,texto,,,,46873,11656,0,16,4225.63,140,4,24.9,0.0,,90.2,0.8,0.3
Clube Rock,Brasil,pt,BRL,ago,23/08,Lancamento Oversized R$99,lancamento,nao,imagem,,,,47050,10685,326,21,3243.01,136,8,22.7,0.69,6.4,68.9,0.61,0.29
Clube Rock,Brasil,pt,BRL,ago,24/08,Semana 15% On&Off,semana15,nao,imagem,,,,47204,10988,455,40,5649.83,163,14,23.3,0.96,8.8,119.7,1.06,0.35
Clube Rock,Brasil,pt,BRL,ago,26/08,Semana 15% Escolha caminho,semana15,nao,imagem,,,,47596,11154,211,31,3495.8,156,5,23.4,0.44,14.7,73.4,0.65,0.33
Clube Rock,Brasil,pt,BRL,ago,28/08,Notificacao do futuro,notificacao,nao,imagem,,,,48094,11565,526,52,7738.4,132,7,24.0,1.09,9.9,160.9,1.43,0.27
Clube Rock,Brasil,pt,BRL,ago,31/08,Catalogo fecha mes,catalogo,nao,imagem,,,,48588,11602,463,22,2902.36,135,10,23.9,0.95,4.8,59.7,0.53,0.28
Clube Rock,Brasil,pt,BRL,set,01/09,SOAD tour,lancamento,nao,imagem,,,,48711,11211,158,15,3063.94,121,6,23.0,0.32,9.5,62.9,0.56,0.25
Clube Rock,Brasil,pt,BRL,set,02/09,Rock in Rio kit 3 por 189,tematica,nao,imagem,,,,47789,10891,202,28,4578.73,115,4,22.8,0.42,13.9,95.8,0.85,0.24
Clube Rock,Brasil,pt,BRL,set,03/09,Esquenta 9.9 #1 Enc (80k),antecipacao,sim,texto,,,,79447,12416,230,32,4432.09,208,8,15.6,0.29,13.9,55.8,0.49,0.26
Clube Rock,Brasil,pt,BRL,set,05/09,Esquenta 9.9 #2 (80k),antecipacao,sim,imagem,,,,80215,12242,349,31,4965.74,168,9,15.3,0.44,8.9,61.9,0.55,0.21
Clube Rock,Brasil,pt,BRL,set,07/09,7 de Setembro (80k),tematica,sim,imagem,,,,81238,11753,242,30,3598.15,149,4,14.5,0.3,12.4,44.3,0.39,0.18
Clube Rock,Brasil,pt,BRL,set,08/09,Esquenta 9.9 vespera (80k),vespera,sim,imagem,,,,81757,11391,264,20,2658.42,141,13,13.9,0.32,7.6,32.5,0.29,0.17
Clube Rock,Brasil,pt,BRL,set,09/09 07h,9.9 #1 cupom liberado,pico 7h,nao,texto,,,,49421,11541,401,67,10667.8,103,2,23.4,0.81,16.7,215.9,1.91,0.21
Clube Rock,Brasil,pt,BRL,set,09/09 11h,9.9 #2 acesso liberado,pico 11h,nao,imagem,,,,49464,10759,310,47,8151.46,118,4,21.8,0.63,15.2,164.8,1.46,0.24
Clube Rock,Brasil,pt,BRL,set,09/09 18h,9.9 #3 status mudou,pico 18h,nao,imagem,,,,49320,14901,564,94,12494.68,145,3,30.2,1.14,16.7,253.3,2.25,0.29
Clube Rock,Brasil,pt,BRL,set,11/09,Ressaca 9.9,ressaca,nao,imagem,,,,49681,12313,436,34,3404.66,155,5,24.8,0.88,7.8,68.5,0.61,0.31
Clube Rock,Brasil,pt,BRL,set,14/09,Antecip Dia do Cliente,vespera,nao,imagem,,,,50052,11404,262,15,2573.12,119,4,22.8,0.52,5.7,51.4,0.46,0.24
Clube Rock,Brasil,pt,BRL,set,15/09 07h,Dia do Cliente #1 escolhido,pico 7h,nao,texto,,,,50167,12498,375,40,5389.07,104,4,24.9,0.75,10.7,107.4,0.95,0.21
Clube Rock,Brasil,pt,BRL,set,15/09 11h,Dia do Cliente #2 aprovado?,pico 11h,nao,imagem,,,,49925,10768,230,19,2246.97,92,3,21.6,0.46,8.3,45.0,0.4,0.18
Clube Rock,Brasil,pt,BRL,set,15/09 18h,Dia do Cliente #3 premio,pico 18h,nao,imagem,,,,49867,10917,258,34,5516.89,144,2,21.9,0.52,13.2,110.6,0.98,0.29
Clube Rock,Brasil,pt,BRL,set,17/09,Semana do Cliente #1,extensao,nao,imagem,,,,50253,9895,171,16,2083.99,78,2,19.7,0.34,9.4,41.5,0.37,0.16
Azzurro Milano,Europa,en,EUR,mai,21/05,Destaques da semana,recorrente,nao,,,,,3194,1429,59,2,278.0,37,0,44.7,1.85,3.4,87.0,2.22,1.16
Azzurro Milano,Europa,en,EUR,mai,28/05,Catálogo final de maio,catalogo,nao,,,,,3397,1560,72,1,108.0,36,0,45.9,2.12,1.4,31.8,0.81,1.06
Azzurro Milano,Europa,en,EUR,jun,01/06,"Antecipação 6.6, 1, convite",antecipacao,nao,,,,,3475,1989,75,2,221.9,54,0,57.2,2.16,2.7,63.9,1.63,1.55
Azzurro Milano,Europa,en,EUR,jun,03/06,"Antecipação 6.6, 2, acesso confirmado",antecipacao,nao,,,,,3465,2007,65,2,138.31,49,0,57.9,1.88,3.1,39.9,1.02,1.41
Azzurro Milano,Europa,en,EUR,jun,05/06,"Antecipação 6.6, 3, véspera",vespera,nao,,,,,3447,1575,15,1,73.87,31,0,45.7,0.44,6.7,21.4,0.55,0.9
Azzurro Milano,Europa,en,EUR,jun,06/06 07h,"6.6, 1, Fwd lista",pico 7h,nao,,,,,3436,1671,32,1,283.36,42,1,48.6,0.93,3.1,82.5,2.11,1.22
Azzurro Milano,Europa,en,EUR,jun,06/06 11h,"6.6, 2, recompensa pendente",pico 11h,nao,,,,,3421,1611,74,2,305.3,32,1,47.1,2.16,2.7,89.2,2.28,0.94
Azzurro Milano,Europa,en,EUR,jun,06/06 18h,"6.6, 3, reward access",pico 18h,nao,,,,,3414,1525,89,4,265.34,40,1,44.7,2.61,4.5,77.7,1.99,1.17
Azzurro Milano,Europa,en,EUR,jun,12/06,Summer deals,tematica,nao,,,,,3466,1578,50,3,479.9,40,0,45.5,1.44,6.0,138.5,3.54,1.15
Azzurro Milano,Europa,en,EUR,jun,15/06,Semana Copa 1,tematica,nao,,,,,3488,1518,19,2,179.5,34,0,43.5,0.54,10.5,51.5,1.31,0.97
Azzurro Milano,Europa,en,EUR,jun,17/06,Semana Copa 2,tematica,nao,,,,,3502,1483,12,1,149.0,38,0,42.3,0.34,8.3,42.5,1.09,1.09
Azzurro Milano,Europa,en,EUR,jun,19/06,Álbum de figurinha,gamificada,nao,,,,,3524,1553,43,4,272.0,15,0,44.1,1.22,9.3,77.2,1.97,0.43
Azzurro Milano,Europa,en,EUR,jun,26/06,Social proof,prova,nao,,,,,3693,1549,8,0,0.0,12,1,41.9,0.22,0.0,0.0,0.0,0.32
Azzurro Milano,Europa,en,EUR,jul,01/07,"Antecipação 7.7, 1, convite",antecipacao,nao,,,,,3830,2082,49,3,238.86,38,2,54.4,1.28,6.1,62.4,1.59,0.99
Azzurro Milano,Europa,en,EUR,jul,03/07,"Antecipação 7.7, 2, agenda",antecipacao,nao,,,,,3842,1972,30,4,407.1,33,1,51.3,0.78,13.3,106.0,2.71,0.86
Azzurro Milano,Europa,en,EUR,jul,06/07,"Antecipação 7.7, 3, acesso pendente",vespera,nao,,,,,3905,1727,29,2,199.47,46,1,44.2,0.74,6.9,51.1,1.31,1.18
Azzurro Milano,Europa,en,EUR,jul,07/07 07h,"7.7, 1, cupom aprovado",pico 7h,nao,,,,,3892,1657,35,5,593.13,35,2,42.6,0.9,14.3,152.4,3.89,0.9
Azzurro Milano,Europa,en,EUR,jul,07/07 11h,"7.7, 2, role até o fim",pico 11h,nao,,,,,3877,1615,16,2,201.05,37,2,41.7,0.41,12.5,51.9,1.32,0.95
Azzurro Milano,Europa,en,EUR,jul,07/07 18h,"7.7, 3, final call",pico 18h,nao,,,,,3861,1640,41,0,0.0,37,2,42.5,1.06,0.0,0.0,0.0,0.96
Azzurro Milano,Europa,en,EUR,jul,15/07,Favoritos do 7.7,ressaca,nao,,,,,3983,1656,21,1,99.0,31,0,41.6,0.53,4.8,24.9,0.64,0.78
Azzurro Milano,Europa,en,EUR,jul,18/07,Final da Copa,tematica,nao,,,,,3935,1653,27,0,0.0,35,0,42.0,0.69,0.0,0.0,0.0,0.89
Azzurro Milano,Europa,en,EUR,jul,20/07,Revele seu desconto,gamificada,nao,,,,,3944,1702,21,5,369.05,33,0,43.2,0.53,23.8,93.6,2.39,0.84
Azzurro Milano,Europa,en,EUR,jul,22/07,Jornal,notificacao,nao,,,,,8139,3571,65,10,937.03,142,3,43.9,0.8,15.4,115.1,2.94,1.74
Azzurro Milano,Europa,en,EUR,jul,24/07,Ligação,notificacao,sim,,,,,18603,5934,97,9,855.19,294,2,31.9,0.52,9.3,46.0,1.17,1.58
Azzurro Milano,Europa,en,EUR,jul,25/07,Reabertura,ressaca,sim,,,,,18336,6086,181,9,795.33,276,3,33.2,0.99,5.0,43.4,1.11,1.51
Azzurro Milano,Europa,en,EUR,jul,27/07,Segunda da sorte,gamificada,sim,,,,,18193,4915,87,8,563.69,221,1,27.0,0.48,9.2,31.0,0.79,1.21
Azzurro Milano,Europa,en,EUR,jul,29/07,UGC social proof,prova,nao,,,,,10432,4917,38,1,111.9,155,3,47.1,0.36,2.6,10.7,0.27,1.49
Azzurro Milano,Europa,en,EUR,jul,31/07,Sexta premiada,gamificada,nao,,,,,10394,4668,66,6,432.1,117,0,44.9,0.63,9.1,41.6,1.06,1.13
Azzurro Milano,Europa,en,EUR,ago,03/08,"Esquenta 8.8, 1, warm-up",antecipacao,nao,,,,,10318,4705,170,3,308.97,136,3,45.6,1.65,1.8,29.9,0.77,1.32
Azzurro Milano,Europa,en,EUR,ago,05/08,"Esquenta 8.8, 2, bom motivo",antecipacao,nao,,,,,10157,4276,89,5,432.68,91,3,42.1,0.88,5.6,42.6,1.09,0.9
Azzurro Milano,Europa,en,EUR,ago,07/08,"Esquenta 8.8, 3, é amanhã",vespera,nao,,,,,10060,4985,194,0,0.0,126,1,49.6,1.93,0.0,0.0,0.0,1.25
Azzurro Milano,Europa,en,EUR,ago,08/08 07h,"8.8, 1, Fwd lista",pico 7h,nao,,,,,9995,4796,56,2,190.23,121,2,48.0,0.56,3.6,19.0,0.49,1.21
Azzurro Milano,Europa,en,EUR,ago,08/08 11h,"8.8, 2, primeiros 100",pico 11h,nao,,,,,9937,4258,189,3,277.0,97,1,42.8,1.9,1.6,27.9,0.71,0.98
Azzurro Milano,Europa,en,EUR,ago,08/08 18h,"8.8, 3, status mudou",pico 18h,nao,,,,,9887,5224,202,6,722.3,162,2,52.8,2.04,3.0,73.1,1.87,1.64
Azzurro Milano,Europa,en,EUR,ago,11/08,Ressaca 8.8,ressaca,nao,,,,,9772,4523,191,5,595.4,117,1,46.3,1.95,2.6,60.9,1.56,1.2
Azzurro Milano,Europa,en,EUR,ago,14/08,Sextou,recorrente,nao,,,,,9717,4517,198,4,475.68,94,0,46.5,2.04,2.0,49.0,1.25,0.97
Azzurro Milano,Europa,en,EUR,ago,17/08,Segunda turbo,gamificada,nao,,,,,9743,4522,270,6,503.98,107,2,46.4,2.77,2.2,51.7,1.32,1.1
Azzurro Milano,Europa,en,EUR,ago,19/08,UGC Dia da Fotografia,prova,nao,,,,,9716,4241,40,4,302.0,100,0,43.6,0.41,10.0,31.1,0.79,1.03
Azzurro Milano,Europa,en,EUR,ago,21/08,Catálogo indecisão,catalogo,nao,,,,,9688,4386,214,2,168.0,89,1,45.3,2.21,0.9,17.3,0.44,0.92
Azzurro Milano,Europa,en,EUR,ago,24/08,"Semana 15%, On & Off",semana15,nao,,,,,9739,4675,228,6,523.8,79,1,48.0,2.34,2.6,53.8,1.37,0.81
Azzurro Milano,Europa,en,EUR,ago,26/08,"Semana 15%, Escolha o caminho",semana15,nao,,,,,9716,4670,211,4,294.99,93,2,48.1,2.17,1.9,30.4,0.78,0.96
Azzurro Milano,Europa,en,EUR,ago,28/08,Notificação do futuro,notificacao,nao,,,,,9668,4837,241,3,278.12,72,0,50.0,2.49,1.2,28.8,0.73,0.74
Azzurro Milano,Europa,en,EUR,ago,31/08,Catálogo fecha mês,catalogo,nao,,,,,9669,4580,212,5,408.92,66,0,47.4,2.19,2.4,42.3,1.08,0.68
Azzurro Milano,Europa,en,EUR,set,03/09,"Esquenta 9.9, 1, Fwd",antecipacao,sim,,,,,16496,4772,274,3,374.08,108,1,28.9,1.66,1.1,22.7,0.58,0.65
Azzurro Milano,Europa,en,EUR,set,05/09,"Esquenta 9.9, 2, prometi avisar",antecipacao,sim,,,,,16448,4891,296,2,178.0,98,6,29.7,1.8,0.7,10.8,0.28,0.6
Azzurro Milano,Europa,en,EUR,set,07/09,"Esquenta 9.9, 3, acesso garantido",antecipacao,sim,,,,,16485,4538,60,1,39.0,83,1,27.5,0.36,1.7,2.4,0.06,0.5
Azzurro Milano,Europa,en,EUR,set,08/09,"Esquenta 9.9, 4, véspera",vespera,sim,,,,,16454,5050,83,3,152.84,122,1,30.7,0.5,3.6,9.3,0.24,0.74
Azzurro Milano,Europa,en,EUR,set,09/09 07h,"9.9, 1, cupom liberado",pico 7h,nao,,,,,10207,4151,124,2,181.44,43,1,40.7,1.21,1.6,17.8,0.45,0.42
Azzurro Milano,Europa,en,EUR,set,09/09 11h,"9.9, 2, acesso liberado",pico 11h,nao,,,,,10178,5226,58,4,520.34,79,1,51.3,0.57,6.9,51.1,1.31,0.78
Azzurro Milano,Europa,en,EUR,set,09/09 18h,"9.9, 3, status mudou",pico 18h,nao,,,,,10124,5033,78,9,1073.86,105,3,49.7,0.77,11.5,106.1,2.71,1.04
Azzurro Milano,Europa,en,EUR,set,11/09,Ressaca 9.9,ressaca,nao,,,,,10117,4373,72,3,297.0,51,1,43.2,0.71,4.2,29.4,0.75,0.5
Azzurro Milano,Europa,en,EUR,set,14/09,Antecipação VIP Day,vespera,nao,,,,,10186,4892,169,5,509.1,66,0,48.0,1.66,3.0,50.0,1.28,0.65
Azzurro Milano,Europa,en,EUR,set,15/09 07h,"VIP Day, 1, selecionado",pico 7h,nao,,,,,10156,4124,65,4,414.9,40,1,40.6,0.64,6.2,40.9,1.04,0.39
Azzurro Milano,Europa,en,EUR,set,15/09 11h,"VIP Day, 2, aprovado?",pico 11h,nao,,,,,10149,4127,54,0,0.0,43,1,40.7,0.53,0.0,0.0,0.0,0.42
Azzurro Milano,Europa,en,EUR,set,15/09 18h,"VIP Day, 3, prêmio",pico 18h,nao,,,,,10093,4276,56,4,388.65,46,2,42.4,0.55,7.1,38.5,0.98,0.46
Azzurro Milano,Europa,en,EUR,set,17/09,"VIP Week, 1",extensao,nao,,,,,10093,4119,123,2,197.4,35,1,40.8,1.22,1.6,19.6,0.5,0.35
Azzurro Milano,Europa,en,EUR,set,19/09,"VIP Week, 2",extensao,nao,,,,,10115,3995,48,4,388.23,35,1,39.5,0.47,8.3,38.4,0.98,0.35
Feratto,Reino Unido,en,GBP,mai,21/05,Destaques da semana,recorrente,nao,,,,,1792,420,59,8,437.52,6,0,23.4,3.29,13.6,244.2,4.34,0.33
Feratto,Reino Unido,en,GBP,mai,28/05,Catálogo final de maio,catalogo,nao,,,,,2066,531,69,9,370.49,9,1,25.7,3.34,13.0,179.3,3.19,0.44
Feratto,Reino Unido,en,GBP,jun,01/06,"Antecipação 6.6, 1, convite",antecipacao,nao,,,,,2227,760,84,2,102.0,18,1,34.1,3.77,2.4,45.8,0.81,0.81
Feratto,Reino Unido,en,GBP,jun,03/06,"Antecipação 6.6, 2, acesso confirmado",antecipacao,nao,,,,,2282,804,90,5,219.04,16,1,35.2,3.94,5.6,96.0,1.71,0.7
Feratto,Reino Unido,en,GBP,jun,05/06,"Antecipação 6.6, 3, véspera",vespera,nao,,,,,2325,576,42,0,0.0,9,2,24.8,1.81,0.0,0.0,0.0,0.39
Feratto,Reino Unido,en,GBP,jun,06/06 07h,"6.6, 1, Fwd lista",pico 7h,nao,,,,,2340,639,47,1,48.97,6,0,27.3,2.01,2.1,20.9,0.37,0.26
Feratto,Reino Unido,en,GBP,jun,06/06 11h,"6.6, 2, recompensa pendente",pico 11h,nao,,,,,2337,641,70,2,65.41,7,0,27.4,3.0,2.9,28.0,0.5,0.3
Feratto,Reino Unido,en,GBP,jun,06/06 18h,"6.6, 3, reward access",pico 18h,nao,,,,,2334,579,57,4,152.54,11,1,24.8,2.44,7.0,65.4,1.16,0.47
Feratto,Reino Unido,en,GBP,jun,12/06,Summer deals,tematica,nao,,,,,2491,596,60,4,220.68,13,0,23.9,2.41,6.7,88.6,1.58,0.52
Feratto,Reino Unido,en,GBP,jun,15/06,Semana Copa 1,tematica,nao,,,,,1820,610,52,4,177.23,15,0,33.5,2.86,7.7,97.4,1.73,0.82
Feratto,Reino Unido,en,GBP,jun,17/06,Semana Copa 2,tematica,nao,,,,,1843,605,74,8,322.28,5,1,32.8,4.02,10.8,174.9,3.11,0.27
Feratto,Reino Unido,en,GBP,jun,19/06,Álbum de figurinha,gamificada,nao,,,,,1872,585,56,5,223.38,6,0,31.2,2.99,8.9,119.3,2.12,0.32
Feratto,Reino Unido,en,GBP,jun,26/06,Social proof,prova,nao,,,,,2863,681,43,4,283.84,13,2,23.8,1.5,9.3,99.1,1.76,0.45
Feratto,Reino Unido,en,GBP,jul,01/07,"Antecipação 7.7, 1, convite",antecipacao,nao,,,,,2126,955,106,4,184.97,19,0,44.9,4.99,3.8,87.0,1.55,0.89
Feratto,Reino Unido,en,GBP,jul,03/07,"Antecipação 7.7, 2, agenda",antecipacao,nao,,,,,2158,861,46,5,241.29,15,1,39.9,2.13,10.9,111.8,1.99,0.7
Feratto,Reino Unido,en,GBP,jul,06/07,"Antecipação 7.7, 3, acesso pendente",vespera,nao,,,,,2230,763,36,2,59.98,9,0,34.2,1.61,5.6,26.9,0.48,0.4
Feratto,Reino Unido,en,GBP,jul,07/07 07h,"7.7, 1, cupom aprovado",pico 7h,nao,,,,,2250,750,46,1,29.99,11,2,33.3,2.04,2.2,13.3,0.24,0.49
Feratto,Reino Unido,en,GBP,jul,07/07 11h,"7.7, 2, role até o fim",pico 11h,nao,,,,,2241,701,62,2,53.23,9,1,31.3,2.77,3.2,23.8,0.42,0.4
Feratto,Reino Unido,en,GBP,jul,07/07 18h,"7.7, 3, final call",pico 18h,nao,,,,,2230,659,62,6,284.45,6,0,29.6,2.78,9.7,127.6,2.27,0.27
Feratto,Reino Unido,en,GBP,jul,15/07,Favoritos do 7.7,ressaca,nao,,,,,3400,1189,109,6,268.89,31,2,35.0,3.21,5.5,79.1,1.41,0.91
Feratto,Reino Unido,en,GBP,jul,18/07,Final da Copa,tematica,nao,,,,,3405,1346,166,13,720.66,26,0,39.5,4.88,7.8,211.6,3.76,0.76
Feratto,Reino Unido,en,GBP,jul,20/07,Revele seu desconto,gamificada,nao,,,,,3415,1175,110,11,441.98,14,0,34.4,3.22,10.0,129.4,2.3,0.41
Feratto,Reino Unido,en,GBP,jul,22/07,Jornal,notificacao,nao,,,,,3436,1209,95,7,313.41,30,2,35.2,2.76,7.4,91.2,1.62,0.87
Feratto,Reino Unido,en,GBP,jul,24/07,Ligação,notificacao,nao,,,,,3419,1255,116,5,174.59,26,0,36.7,3.39,4.3,51.1,0.91,0.76
Feratto,Reino Unido,en,GBP,jul,25/07,Reabertura,ressaca,nao,,,,,3405,1237,60,4,183.25,21,0,36.3,1.76,6.7,53.8,0.96,0.62
Feratto,Reino Unido,en,GBP,jul,27/07,Segunda da sorte,gamificada,nao,,,,,3416,1157,88,3,99.1,31,0,33.9,2.58,3.4,29.0,0.52,0.91
Feratto,Reino Unido,en,GBP,jul,29/07,UGC social proof,prova,nao,,,,,3422,1062,49,3,130.87,27,1,31.0,1.43,6.1,38.2,0.68,0.79
Feratto,Reino Unido,en,GBP,jul,31/07,Sexta premiada,gamificada,nao,,,,,3432,1169,93,6,239.25,23,0,34.1,2.71,6.5,69.7,1.24,0.67
Feratto,Reino Unido,en,GBP,ago,03/08,"Esquenta 8.8, 1, warm-up",antecipacao,nao,,,,,3418,1081,76,1,59.98,28,0,31.6,2.22,1.3,17.5,0.31,0.82
Feratto,Reino Unido,en,GBP,ago,05/08,"Esquenta 8.8, 2, bom motivo",antecipacao,nao,,,,,3412,1052,62,1,34.9,18,0,30.8,1.82,1.6,10.2,0.18,0.53
Feratto,Reino Unido,en,GBP,ago,07/08,"Esquenta 8.8, 3, é amanhã",vespera,nao,,,,,3417,1092,67,3,111.12,21,0,32.0,1.96,4.5,32.5,0.58,0.61
Feratto,Reino Unido,en,GBP,ago,08/08 07h,"8.8, 1, Fwd lista",pico 7h,nao,,,,,3410,1204,51,4,214.87,31,0,35.3,1.5,7.8,63.0,1.12,0.91
Feratto,Reino Unido,en,GBP,ago,08/08 11h,"8.8, 2, primeiros 100",pico 11h,nao,,,,,3394,1025,69,3,108.16,27,0,30.2,2.03,4.3,31.9,0.57,0.8
Feratto,Reino Unido,en,GBP,ago,08/08 18h,"8.8, 3, status mudou",pico 18h,nao,,,,,3390,1474,101,14,532.37,40,1,43.5,2.98,13.9,157.0,2.79,1.18
Feratto,Reino Unido,en,GBP,ago,11/08,Ressaca 8.8,ressaca,nao,,,,,3373,985,56,5,194.89,27,0,29.2,1.66,8.9,57.8,1.03,0.8
Feratto,Reino Unido,en,GBP,ago,14/08,Sextou,recorrente,nao,,,,,3380,1027,61,4,161.5,28,0,30.4,1.8,6.6,47.8,0.85,0.83
Feratto,Reino Unido,en,GBP,ago,17/08,Segunda turbo,gamificada,nao,,,,,3399,1078,88,4,150.79,21,1,31.7,2.59,4.5,44.4,0.79,0.62
Feratto,Reino Unido,en,GBP,ago,19/08,UGC Dia da Fotografia,prova,nao,,,,,3406,1086,44,4,157.19,25,1,31.9,1.29,9.1,46.2,0.82,0.73
Feratto,Reino Unido,en,GBP,ago,21/08,Catálogo indecisão,catalogo,sim,,,,,10020,2675,223,16,729.51,171,6,26.7,2.23,7.2,72.8,1.29,1.71
Feratto,Reino Unido,en,GBP,ago,24/08,"Semana 15%, On & Off",semana15,sim,,,,,9813,2403,195,9,403.92,91,3,24.5,1.99,4.6,41.2,0.73,0.93
Feratto,Reino Unido,en,GBP,ago,26/08,"Semana 15%, Escolha o caminho",semana15,nao,,,,,5044,2127,80,8,187.05,97,2,42.2,1.59,10.0,37.1,0.66,1.92
Feratto,Reino Unido,en,GBP,ago,28/08,Notificação do futuro,notificacao,nao,,,,,5018,2267,210,9,448.1,83,3,45.2,4.18,4.3,89.3,1.59,1.65
Feratto,Reino Unido,en,GBP,ago,31/08,Catálogo fecha mês,catalogo,nao,,,,,4983,2034,138,5,199.78,54,3,40.8,2.77,3.6,40.1,0.71,1.08
Feratto,Reino Unido,en,GBP,set,03/09,"Esquenta 9.9, 1, Fwd",antecipacao,sim,,,,,9714,2792,89,5,198.94,88,3,28.7,0.92,5.6,20.5,0.36,0.91
Feratto,Reino Unido,en,GBP,set,05/09,"Esquenta 9.9, 2, prometi avisar",antecipacao,sim,,,,,9678,2371,202,7,282.88,66,3,24.5,2.09,3.5,29.2,0.52,0.68
Feratto,Reino Unido,en,GBP,set,07/09,"Esquenta 9.9, 3, acesso garantido",antecipacao,sim,,,,,9688,2173,163,3,136.9,54,2,22.4,1.68,1.8,14.1,0.25,0.56
Feratto,Reino Unido,en,GBP,set,08/09,"Esquenta 9.9, 4, véspera",vespera,sim,,,,,9677,2398,176,7,417.37,58,4,24.8,1.82,4.0,43.1,0.77,0.6
Feratto,Reino Unido,en,GBP,set,09/09 07h,"9.9, 1, cupom liberado",pico 7h,nao,,,,,5632,1937,77,2,103.63,33,1,34.4,1.37,2.6,18.4,0.33,0.59
Feratto,Reino Unido,en,GBP,set,09/09 11h,"9.9, 2, acesso liberado",pico 11h,nao,,,,,5607,1960,140,7,303.52,29,2,35.0,2.5,5.0,54.1,0.96,0.52
Feratto,Reino Unido,en,GBP,set,09/09 18h,"9.9, 3, status mudou",pico 18h,nao,,,,,5591,2437,185,6,285.28,65,1,43.6,3.31,3.2,51.0,0.91,1.16
Feratto,Reino Unido,en,GBP,set,11/09,Ressaca 9.9,ressaca,nao,,,,,5572,2024,191,2,157.46,47,4,36.3,3.43,1.0,28.3,0.5,0.84
Feratto,Reino Unido,en,GBP,set,14/09,Antecipação VIP Day,vespera,nao,,,,,5542,2475,137,1,59.0,61,1,44.7,2.47,0.7,10.6,0.19,1.1
Feratto,Reino Unido,en,GBP,set,15/09 07h,"VIP Day, 1, selecionado",pico 7h,nao,,,,,5494,2111,85,6,436.43,38,0,38.4,1.55,7.1,79.4,1.41,0.69
Feratto,Reino Unido,en,GBP,set,15/09 11h,"VIP Day, 2, aprovado?",pico 11h,nao,,,,,5477,1865,119,4,738.12,23,3,34.1,2.17,3.4,134.8,2.4,0.42
Feratto,Reino Unido,en,GBP,set,15/09 18h,"VIP Day, 3, prêmio",pico 18h,nao,,,,,5441,2027,141,5,275.64,35,1,37.3,2.59,3.5,50.7,0.9,0.64
Feratto,Reino Unido,en,GBP,set,17/09,"VIP Week, 1",extensao,nao,,,,,5411,1718,139,2,94.24,28,1,31.8,2.57,1.4,17.4,0.31,0.52
Feratto,Reino Unido,en,GBP,set,19/09,"VIP Week, 2",extensao,nao,,,,,5925,1843,144,1,34.9,28,3,31.1,2.43,0.7,5.9,0.1,0.47
LensEVO,Reino Unido,en,GBP,mai,21/05,Destaques da semana,recorrente,nao,,,,,1446,536,35,0,0.0,27,0,37.1,2.42,0.0,0.0,0.0,1.87
LensEVO,Reino Unido,en,GBP,mai,28/05,Catálogo final de maio,catalogo,nao,,,,,1556,617,50,1,54.04,19,2,39.7,3.21,2.0,34.7,1.54,1.22
LensEVO,Reino Unido,en,GBP,jun,01/06,"Antecipação 6.6, 1, convite",antecipacao,nao,,,,,1598,770,63,2,66.13,23,0,48.2,3.94,3.2,41.4,1.84,1.44
LensEVO,Reino Unido,en,GBP,jun,03/06,"Antecipação 6.6, 2, acesso confirmado",antecipacao,nao,,,,,1629,782,68,2,62.81,24,0,48.0,4.17,2.9,38.6,1.71,1.47
LensEVO,Reino Unido,en,GBP,jun,05/06,"Antecipação 6.6, 3, véspera",vespera,nao,,,,,1658,614,44,1,29.9,19,1,37.0,2.65,2.3,18.0,0.8,1.15
LensEVO,Reino Unido,en,GBP,jun,06/06 07h,"6.6, 1, Fwd lista",pico 7h,nao,,,,,1680,640,26,1,24.82,15,2,38.1,1.55,3.8,14.8,0.66,0.89
LensEVO,Reino Unido,en,GBP,jun,06/06 11h,"6.6, 2, recompensa pendente",pico 11h,nao,,,,,1668,634,49,5,146.51,10,0,38.0,2.94,10.2,87.8,3.9,0.6
LensEVO,Reino Unido,en,GBP,jun,06/06 18h,"6.6, 3, reward access",pico 18h,nao,,,,,1667,429,35,1,29.9,14,2,25.7,2.1,2.9,17.9,0.8,0.84
LensEVO,Reino Unido,en,GBP,jun,12/06,Summer deals,tematica,nao,,,,,1811,688,47,1,29.9,17,1,38.0,2.6,2.1,16.5,0.73,0.94
LensEVO,Reino Unido,en,GBP,jun,15/06,Semana Copa 1,tematica,nao,,,,,1880,697,50,1,29.9,10,1,37.1,2.66,2.0,15.9,0.71,0.53
LensEVO,Reino Unido,en,GBP,jun,17/06,Semana Copa 2,tematica,nao,,,,,1933,687,40,2,58.95,10,1,35.5,2.07,5.0,30.5,1.35,0.52
LensEVO,Reino Unido,en,GBP,jun,19/06,Álbum de figurinha,gamificada,nao,,,,,1983,666,53,3,80.44,20,2,33.6,2.67,5.7,40.6,1.8,1.01
LensEVO,Reino Unido,en,GBP,jun,26/06,Social proof,prova,nao,,,,,2145,857,53,3,85.63,42,1,40.0,2.47,5.7,39.9,1.77,1.96
LensEVO,Reino Unido,en,GBP,jul,01/07,"Antecipação 7.7, 1, convite",antecipacao,nao,,,,,2216,1106,85,3,85.53,74,1,49.9,3.84,3.5,38.6,1.71,3.34
LensEVO,Reino Unido,en,GBP,jul,03/07,"Antecipação 7.7, 2, agenda",antecipacao,nao,,,,,2188,1011,39,2,59.8,52,2,46.2,1.78,5.1,27.3,1.21,2.38
LensEVO,Reino Unido,en,GBP,jul,06/07,"Antecipação 7.7, 3, acesso pendente",vespera,nao,,,,,2221,886,31,0,0.0,20,0,39.9,1.4,0.0,0.0,0.0,0.9
LensEVO,Reino Unido,en,GBP,jul,07/07 07h,"7.7, 1, cupom aprovado",pico 7h,nao,,,,,2238,796,28,2,54.72,17,1,35.6,1.25,7.1,24.5,1.09,0.76
LensEVO,Reino Unido,en,GBP,jul,07/07 11h,"7.7, 2, role até o fim",pico 11h,nao,,,,,2223,767,42,1,29.9,19,3,34.5,1.89,2.4,13.5,0.6,0.85
LensEVO,Reino Unido,en,GBP,jul,07/07 18h,"7.7, 3, final call",pico 18h,nao,,,,,2207,742,44,4,114.52,29,1,33.6,1.99,9.1,51.9,2.3,1.31
LensEVO,Reino Unido,en,GBP,jul,15/07,Favoritos do 7.7,ressaca,nao,,,,,2347,876,59,3,89.7,19,2,37.3,2.51,5.1,38.2,1.7,0.81
LensEVO,Reino Unido,en,GBP,jul,18/07,Final da Copa,tematica,nao,,,,,2368,877,80,2,59.8,13,2,37.0,3.38,2.5,25.3,1.12,0.55
LensEVO,Reino Unido,en,GBP,jul,20/07,Revele seu desconto,gamificada,nao,,,,,2397,869,57,0,0.0,13,0,36.3,2.38,0.0,0.0,0.0,0.54
LensEVO,Reino Unido,en,GBP,jul,22/07,Jornal,notificacao,nao,,,,,2420,877,51,0,0.0,12,3,36.2,2.11,0.0,0.0,0.0,0.5
LensEVO,Reino Unido,en,GBP,jul,24/07,Ligação,notificacao,nao,,,,,2423,962,74,3,89.7,13,2,39.7,3.05,4.1,37.0,1.64,0.54
LensEVO,Reino Unido,en,GBP,jul,25/07,Reabertura,ressaca,nao,,,,,2424,903,33,0,0.0,9,1,37.3,1.36,0.0,0.0,0.0,0.37
LensEVO,Reino Unido,en,GBP,jul,27/07,Segunda da sorte,gamificada,nao,,,,,2456,845,55,2,59.8,14,3,34.4,2.24,3.6,24.3,1.08,0.57
LensEVO,Reino Unido,en,GBP,jul,29/07,UGC social proof,prova,nao,,,,,2458,827,38,3,89.7,13,1,33.6,1.55,7.9,36.5,1.62,0.53
LensEVO,Reino Unido,en,GBP,jul,31/07,Sexta premiada,gamificada,nao,,,,,2490,906,65,1,29.9,39,1,36.4,2.61,1.5,12.0,0.53,1.57
LensEVO,Reino Unido,en,GBP,ago,03/08,"Esquenta 8.8, 1, warm-up",antecipacao,nao,,,,,2484,856,42,4,119.6,23,2,34.5,1.69,9.5,48.1,2.14,0.93
LensEVO,Reino Unido,en,GBP,ago,05/08,"Esquenta 8.8, 2, bom motivo",antecipacao,nao,,,,,2498,849,41,2,59.8,31,3,34.0,1.64,4.9,23.9,1.06,1.24
LensEVO,Reino Unido,en,GBP,ago,07/08,"Esquenta 8.8, 3, é amanhã",vespera,nao,,,,,2522,834,42,1,25.66,7,0,33.1,1.67,2.4,10.2,0.45,0.28
LensEVO,Reino Unido,en,GBP,ago,08/08 07h,"8.8, 1, Fwd lista",pico 7h,nao,,,,,2535,982,24,2,49.04,24,0,38.7,0.95,8.3,19.3,0.86,0.95
LensEVO,Reino Unido,en,GBP,ago,08/08 11h,"8.8, 2, primeiros 100",pico 11h,nao,,,,,2515,835,30,1,29.9,11,1,33.2,1.19,3.3,11.9,0.53,0.44
LensEVO,Reino Unido,en,GBP,ago,08/08 18h,"8.8, 3, status mudou",pico 18h,nao,,,,,2518,1166,63,1,59.8,49,0,46.3,2.5,1.6,23.7,1.05,1.95
LensEVO,Reino Unido,en,GBP,ago,11/08,Ressaca 8.8,ressaca,nao,,,,,2548,800,29,1,29.9,36,1,31.4,1.14,3.4,11.7,0.52,1.41
LensEVO,Reino Unido,en,GBP,ago,14/08,Sextou,recorrente,nao,,,,,2584,808,49,0,0.0,37,0,31.3,1.9,0.0,0.0,0.0,1.43
LensEVO,Reino Unido,en,GBP,ago,17/08,Segunda turbo,gamificada,nao,,,,,2608,851,59,3,89.7,28,0,32.6,2.26,5.1,34.4,1.53,1.07
LensEVO,Reino Unido,en,GBP,ago,19/08,UGC Dia da Fotografia,prova,nao,,,,,2616,876,35,2,59.8,16,0,33.5,1.34,5.7,22.9,1.01,0.61
LensEVO,Reino Unido,en,GBP,ago,21/08,Catálogo indecisão,catalogo,nao,,,,,2650,899,60,1,29.9,31,0,33.9,2.26,1.7,11.3,0.5,1.17
LensEVO,Reino Unido,en,GBP,ago,24/08,"Semana 15%, On & Off",semana15,nao,,,,,2668,926,73,2,59.8,25,0,34.7,2.74,2.7,22.4,0.99,0.94
LensEVO,Reino Unido,en,GBP,ago,26/08,"Semana 15%, Escolha o caminho",semana15,nao,,,,,2680,974,49,1,29.9,29,0,36.3,1.83,2.0,11.2,0.5,1.08
LensEVO,Reino Unido,en,GBP,ago,28/08,Notificação do futuro,notificacao,nao,,,,,2699,947,97,6,179.4,29,0,35.1,3.59,6.2,66.5,2.95,1.07
LensEVO,Reino Unido,en,GBP,ago,31/08,Catálogo fecha mês,catalogo,nao,,,,,2731,961,51,3,86.71,17,1,35.2,1.87,5.9,31.8,1.41,0.62
LensEVO,Reino Unido,en,GBP,set,03/09,"Esquenta 9.9, 1, Fwd",antecipacao,nao,,,,,2772,1053,48,0,0.0,36,0,38.0,1.73,0.0,0.0,0.0,1.3
LensEVO,Reino Unido,en,GBP,set,05/09,"Esquenta 9.9, 2, prometi avisar",antecipacao,nao,,,,,2742,1015,79,1,29.9,32,2,37.0,2.88,1.3,10.9,0.48,1.17
LensEVO,Reino Unido,en,GBP,set,07/09,"Esquenta 9.9, 3, acesso garantido",antecipacao,nao,,,,,2761,946,55,2,59.8,25,1,34.3,1.99,3.6,21.7,0.96,0.91
LensEVO,Reino Unido,en,GBP,set,08/09,"Esquenta 9.9, 4, véspera",vespera,nao,,,,,2758,1042,56,1,29.9,28,1,37.8,2.03,1.8,10.8,0.48,1.02
LensEVO,Reino Unido,en,GBP,set,09/09 07h,"9.9, 1, cupom liberado",pico 7h,nao,,,,,2765,820,43,7,186.58,17,0,29.7,1.56,16.3,67.5,3.0,0.61
LensEVO,Reino Unido,en,GBP,set,09/09 11h,"9.9, 2, acesso liberado",pico 11h,nao,,,,,2752,910,44,1,29.9,16,0,33.1,1.6,2.3,10.9,0.48,0.58
LensEVO,Reino Unido,en,GBP,set,09/09 18h,"9.9, 3, status mudou",pico 18h,nao,,,,,2748,1222,70,3,78.34,45,1,44.5,2.55,4.3,28.5,1.27,1.64
LensEVO,Reino Unido,en,GBP,set,11/09,Ressaca 9.9,ressaca,nao,,,,,2731,985,98,3,84.02,19,1,36.1,3.59,3.1,30.8,1.37,0.7
LensEVO,Reino Unido,en,GBP,set,14/09,Antecipação VIP Day,vespera,nao,,,,,2777,1255,66,0,0.0,45,0,45.2,2.38,0.0,0.0,0.0,1.62
LensEVO,Reino Unido,en,GBP,set,15/09 07h,"VIP Day, 1, selecionado",pico 7h,nao,,,,,2747,931,27,0,0.0,20,1,33.9,0.98,0.0,0.0,0.0,0.73
LensEVO,Reino Unido,en,GBP,set,15/09 11h,"VIP Day, 2, aprovado?",pico 11h,nao,,,,,2734,919,59,0,0.0,12,2,33.6,2.16,0.0,0.0,0.0,0.44
LensEVO,Reino Unido,en,GBP,set,15/09 18h,"VIP Day, 3, prêmio",pico 18h,nao,,,,,2730,896,52,3,89.7,19,0,32.8,1.9,5.8,32.9,1.46,0.7
LensEVO,Reino Unido,en,GBP,set,17/09,"VIP Week, 1",extensao,nao,,,,,2746,795,58,1,29.9,14,0,29.0,2.11,1.7,10.9,0.48,0.51
LensEVO,Reino Unido,en,GBP,set,19/09,"VIP Week, 2",extensao,nao,,,,,2775,791,37,2,55.2,9,2,28.5,1.33,5.4,19.9,0.88,0.32
Vorttexia,França,fr,EUR,mai,02/05,"Antecipação 5.5, 1",antecipacao,nao,,,,,14910,4044,173,6,188.94,163,6,27.1,1.16,3.5,12.7,1.71,1.09
Vorttexia,França,fr,EUR,mai,04/05,"Antecipação 5.5, 2, véspera",vespera,nao,,,,,14886,3853,104,3,90.6,217,8,25.9,0.7,2.9,6.1,0.82,1.46
Vorttexia,França,fr,EUR,mai,05/05 07h,"5.5, 1, e-mail recompensa",pico 7h,nao,,,,,14760,3547,151,8,247.0,152,8,24.0,1.02,5.3,16.7,2.26,1.03
Vorttexia,França,fr,EUR,mai,05/05 11h,"5.5, 2, maior oferta do Dia das Mães",pico 11h,nao,,,,,14683,3590,118,6,277.2,198,6,24.5,0.8,5.1,18.9,2.55,1.35
Vorttexia,França,fr,EUR,mai,05/05 18h,"5.5, 3, status mudou",pico 18h,nao,,,,,14559,3739,147,12,525.66,249,7,25.7,1.01,8.2,36.1,4.87,1.71
Vorttexia,França,fr,EUR,mai,15/05,Você foi convocado,notificacao,nao,,,,,14824,3811,281,13,393.44,138,3,25.7,1.9,4.6,26.5,3.58,0.93
Vorttexia,França,fr,EUR,mai,21/05,Destaques da semana,recorrente,nao,,,,,14977,3448,214,5,252.18,122,5,23.0,1.43,2.3,16.8,2.27,0.81
Vorttexia,França,fr,EUR,mai,28/05,Catálogo final de maio,catalogo,nao,,,,,15214,3619,165,7,229.3,141,2,23.8,1.08,4.2,15.1,2.03,0.93
Vorttexia,França,fr,EUR,jun,01/06,"Antecipação 6.6, 1, convite",antecipacao,nao,,,,,15305,4091,223,4,187.89,147,2,26.7,1.46,1.8,12.3,1.65,0.96
Vorttexia,França,fr,EUR,jun,03/06,"Antecipação 6.6, 2, acesso confirmado",antecipacao,nao,,,,,15270,4036,293,3,136.64,191,6,26.4,1.92,1.0,8.9,1.21,1.25
Vorttexia,França,fr,EUR,jun,05/06,"Antecipação 6.6, 3, véspera",vespera,nao,,,,,15210,3344,148,2,71.7,75,2,22.0,0.97,1.4,4.7,0.64,0.49
Vorttexia,França,fr,EUR,jun,06/06 07h,"6.6, 1, Fwd lista",pico 7h,nao,,,,,15205,3399,111,2,83.02,104,8,22.4,0.73,1.8,5.5,0.74,0.68
Vorttexia,França,fr,EUR,jun,06/06 11h,"6.6, 2, recompensa pendente",pico 11h,nao,,,,,15171,4040,245,2,69.36,119,9,26.6,1.61,0.8,4.6,0.62,0.78
Vorttexia,França,fr,EUR,jun,06/06 18h,"6.6, 3, reward access",pico 18h,nao,,,,,15133,3178,109,3,124.12,120,6,21.0,0.72,2.8,8.2,1.11,0.79
Vorttexia,França,fr,EUR,jun,12/06,Summer deals,tematica,nao,,,,,15252,3224,126,6,279.09,79,5,21.1,0.83,4.8,18.3,2.47,0.52
Vorttexia,França,fr,EUR,jun,15/06,Semana Copa 1,tematica,nao,,,,,15351,3356,147,4,139.5,99,5,21.9,0.96,2.7,9.1,1.23,0.64
Vorttexia,França,fr,EUR,jun,17/06,Semana Copa 2,tematica,nao,,,,,15391,3217,129,5,144.52,73,2,20.9,0.84,3.9,9.4,1.27,0.47
Vorttexia,França,fr,EUR,jun,19/06,Álbum de figurinha,gamificada,nao,,,,,15453,3311,171,4,258.88,69,8,21.4,1.11,2.3,16.8,2.26,0.45
Vorttexia,França,fr,EUR,jun,26/06,Social proof,prova,nao,,,,,15669,3200,76,2,79.8,68,4,20.4,0.49,2.6,5.1,0.69,0.43
Vorttexia,França,fr,EUR,jul,01/07,"Antecipação 7.7, 1, convite",antecipacao,nao,,,,,15779,4580,250,6,191.35,129,1,29.0,1.58,2.4,12.1,1.63,0.82
Vorttexia,França,fr,EUR,jul,03/07,"Antecipação 7.7, 2, agenda",antecipacao,nao,,,,,15735,4017,177,1,53.8,63,1,25.5,1.12,0.6,3.4,0.46,0.4
Vorttexia,França,fr,EUR,jul,06/07,"Antecipação 7.7, 3, acesso pendente",vespera,nao,,,,,15801,3409,159,1,59.8,72,4,21.6,1.01,0.6,3.8,0.51,0.46
Vorttexia,França,fr,EUR,jul,07/07 07h,"7.7, 1, cupom aprovado",pico 7h,nao,,,,,15755,2749,106,3,84.62,53,3,17.4,0.67,2.8,5.4,0.72,0.34
Vorttexia,França,fr,EUR,jul,07/07 11h,"7.7, 2, role até o fim",pico 11h,nao,,,,,15725,2701,117,5,183.2,63,4,17.2,0.74,4.3,11.7,1.57,0.4
Vorttexia,França,fr,EUR,jul,07/07 18h,"7.7, 3, final call",pico 18h,nao,,,,,15711,3073,129,4,170.17,77,3,19.6,0.82,3.1,10.8,1.46,0.49
Vorttexia,França,fr,EUR,jul,15/07,Favoritos do 7.7,ressaca,nao,,,,,15965,2685,97,1,44.9,62,4,16.8,0.61,1.0,2.8,0.38,0.39
Vorttexia,França,fr,EUR,jul,18/07,Final da Copa,tematica,nao,,,,,16037,2963,144,3,72.7,69,2,18.5,0.9,2.1,4.5,0.61,0.43
Vorttexia,França,fr,EUR,jul,20/07,Revele seu desconto,gamificada,nao,,,,,16072,3034,137,4,128.38,77,2,18.9,0.85,2.9,8.0,1.08,0.48
Vorttexia,França,fr,EUR,jul,22/07,Jornal,notificacao,nao,,,,,16095,3183,136,1,27.68,60,2,19.8,0.84,0.7,1.7,0.23,0.37
Vorttexia,França,fr,EUR,jul,24/07,Ligação,notificacao,nao,,,,,16113,3449,157,2,65.8,72,1,21.4,0.97,1.3,4.1,0.55,0.45
Vorttexia,França,fr,EUR,jul,25/07,Reabertura,ressaca,nao,,,,,16097,2988,122,3,134.5,87,3,18.6,0.76,2.5,8.4,1.13,0.54
Vorttexia,França,fr,EUR,jul,27/07,Segunda da sorte,gamificada,nao,,,,,16107,3052,132,4,100.6,59,3,18.9,0.82,3.0,6.2,0.84,0.37
Vorttexia,França,fr,EUR,jul,29/07,UGC social proof,prova,nao,,,,,16107,3008,92,3,147.6,40,2,18.7,0.57,3.3,9.2,1.24,0.25
Vorttexia,França,fr,EUR,jul,31/07,Sexta premiada,gamificada,nao,,,,,16132,2811,137,4,143.6,43,2,17.4,0.85,2.9,8.9,1.2,0.27
Vorttexia,França,fr,EUR,ago,03/08,"Esquenta 8.8, 1, warm-up",antecipacao,nao,,,,,16222,2929,100,1,33.9,45,2,18.1,0.62,1.0,2.1,0.28,0.28
Vorttexia,França,fr,EUR,ago,05/08,"Esquenta 8.8, 2, bom motivo",antecipacao,nao,,,,,16287,2929,102,1,29.9,46,3,18.0,0.63,1.0,1.8,0.25,0.28
Vorttexia,França,fr,EUR,ago,07/08,"Esquenta 8.8, 3, é amanhã",vespera,nao,,,,,16304,2838,102,2,89.8,60,4,17.4,0.63,2.0,5.5,0.74,0.37
Vorttexia,França,fr,EUR,ago,08/08 07h,"8.8, 1, Fwd lista",pico 7h,nao,,,,,16311,4009,156,2,53.14,119,1,24.6,0.96,1.3,3.3,0.44,0.73
Vorttexia,França,fr,EUR,ago,08/08 11h,"8.8, 2, primeiros 100",pico 11h,nao,,,,,16265,2956,90,1,51.8,61,4,18.2,0.55,1.1,3.2,0.43,0.38
Vorttexia,França,fr,EUR,ago,08/08 18h,"8.8, 3, status mudou",pico 18h,nao,,,,,16242,3103,115,1,33.9,65,6,19.1,0.71,0.9,2.1,0.28,0.4
Vorttexia,França,fr,EUR,ago,11/08,Ressaca 8.8,ressaca,nao,,,,,16260,2656,79,1,22.9,54,2,16.3,0.49,1.3,1.4,0.19,0.33
Vorttexia,França,fr,EUR,ago,14/08,Sextou,recorrente,nao,,,,,16313,2827,123,0,0.0,60,5,17.3,0.75,0.0,0.0,0.0,0.37
Vorttexia,França,fr,EUR,ago,17/08,Segunda turbo,gamificada,nao,,,,,16399,2685,125,2,69.8,61,3,16.4,0.76,1.6,4.3,0.57,0.37
Vorttexia,França,fr,EUR,ago,19/08,UGC Dia da Fotografia,prova,nao,,,,,16442,2941,51,2,69.8,51,3,17.9,0.31,3.9,4.2,0.57,0.31
Vorttexia,França,fr,EUR,ago,21/08,Catálogo indecisão,catalogo,nao,,,,,16471,2897,111,1,24.9,47,3,17.6,0.67,0.9,1.5,0.2,0.29
Vorttexia,França,fr,EUR,ago,24/08,"Semana 15%, On & Off",semana15,nao,,,,,16540,3055,116,5,225.3,51,1,18.5,0.7,4.3,13.6,1.84,0.31
Vorttexia,França,fr,EUR,ago,26/08,"Semana 15%, Escolha o caminho",semana15,nao,,,,,16580,3056,117,4,116.11,45,4,18.4,0.71,3.4,7.0,0.94,0.27
Vorttexia,França,fr,EUR,ago,28/08,Notificação do futuro,notificacao,nao,,,,,16616,3020,173,3,154.5,55,2,18.2,1.04,1.7,9.3,1.25,0.33
Vorttexia,França,fr,EUR,ago,31/08,Catálogo fecha mês,catalogo,nao,,,,,16702,2755,74,2,92.74,40,6,16.5,0.44,2.7,5.6,0.75,0.24
Vorttexia,França,fr,EUR,set,03/09,"Esquenta 9.9, 1, Fwd",antecipacao,nao,,,,,16776,3188,85,2,59.8,70,3,19.0,0.51,2.4,3.6,0.48,0.42
Vorttexia,França,fr,EUR,set,05/09,"Esquenta 9.9, 2, prometi avisar",antecipacao,nao,,,,,16775,2845,102,1,37.9,51,2,17.0,0.61,1.0,2.3,0.3,0.3
Vorttexia,França,fr,EUR,set,07/09,"Esquenta 9.9, 3, acesso garantido",antecipacao,nao,,,,,16820,2998,71,3,92.7,55,1,17.8,0.42,4.2,5.5,0.74,0.33
Vorttexia,França,fr,EUR,set,08/09,"Esquenta 9.9, 4, véspera",vespera,nao,,,,,16837,3337,126,1,51.8,59,1,19.8,0.75,0.8,3.1,0.41,0.35
Vorttexia,França,fr,EUR,set,09/09 07h,"9.9, 1, cupom liberado",pico 7h,nao,,,,,16843,2930,119,2,84.0,49,0,17.4,0.71,1.7,5.0,0.67,0.29
Vorttexia,França,fr,EUR,set,09/09 11h,"9.9, 2, acesso liberado",pico 11h,nao,,,,,16823,2985,105,0,0.0,53,0,17.7,0.62,0.0,0.0,0.0,0.32
Vorttexia,França,fr,EUR,set,09/09 18h,"9.9, 3, status mudou",pico 18h,nao,,,,,16808,2935,133,4,170.3,59,2,17.5,0.79,3.0,10.1,1.37,0.35
Vorttexia,França,fr,EUR,set,11/09,Ressaca 9.9,ressaca,nao,,,,,16821,3214,202,3,97.48,54,3,19.1,1.2,1.5,5.8,0.78,0.32
Vorttexia,França,fr,EUR,set,14/09,Antecipação VIP Day,vespera,nao,,,,,16872,3129,170,0,0.0,35,1,18.5,1.01,0.0,0.0,0.0,0.21
Vorttexia,França,fr,EUR,set,15/09 07h,"VIP Day, 1, selecionado",pico 7h,nao,,,,,16875,2734,109,0,0.0,40,0,16.2,0.65,0.0,0.0,0.0,0.24
Vorttexia,França,fr,EUR,set,15/09 11h,"VIP Day, 2, aprovado?",pico 11h,nao,,,,,16861,2797,93,1,53.8,28,1,16.6,0.55,1.1,3.2,0.43,0.17
Vorttexia,França,fr,EUR,set,15/09 18h,"VIP Day, 3, prêmio",pico 18h,nao,,,,,16867,2849,117,1,39.8,50,2,16.9,0.69,0.9,2.4,0.32,0.3
Vorttexia,França,fr,EUR,set,17/09,"VIP Week, 1",extensao,nao,,,,,10200,2551,104,3,87.7,30,1,25.0,1.02,2.9,8.6,1.16,0.29
Vorttexia,França,fr,EUR,set,19/09,"VIP Week, 2",extensao,nao,,,,,10244,2506,87,3,148.28,25,1,24.5,0.85,3.4,14.5,1.95,0.24
Donaris,Brasil,pt,BRL,mai,01/05,"Dia das Mães, 5a",datacomemorativa,sim,,,,,12734,635,37,2,359.0,2,1,5.0,0.29,5.4,28.2,1.08,0.02
Donaris,Brasil,pt,BRL,mai,04/05,"Dia das Mães, 5b",datacomemorativa,sim,,,,,13469,701,38,2,0.0,8,0,5.2,0.28,5.3,0.0,0.0,0.06
Donaris,Brasil,pt,BRL,mai,08/05,"Dia das Mães, 6, joia surpresa grátis",datacomemorativa,sim,,,,,14241,704,39,1,157.95,5,0,4.9,0.27,2.6,11.1,0.43,0.04
Donaris,Brasil,pt,BRL,mai,11/05,"Dia das Mães, 7, histórias",datacomemorativa,sim,,,,,14686,734,37,1,169.98,3,1,5.0,0.25,2.7,11.6,0.44,0.02
Donaris,Brasil,pt,BRL,mai,15/05,"Dia das Mães, 8, queridinhas",datacomemorativa,sim,,,,,15349,720,43,2,0.0,7,1,4.7,0.28,4.7,0.0,0.0,0.05
Donaris,Brasil,pt,BRL,mai,19/05,"Dia das Mães, 9, deixando pra trás",datacomemorativa,sim,,,,,16092,779,37,3,187.0,11,1,4.8,0.23,8.1,11.6,0.45,0.07
Donaris,Brasil,pt,BRL,mai,21/05,"Dia das Mães, 10, faltam 10 dias (engajados)",datacomemorativa,nao,,,,,2399,724,34,1,0.0,3,1,30.2,1.42,2.9,0.0,0.0,0.13
Donaris,Brasil,pt,BRL,mai,26/05,"Dia das Mães, 11, menção (engajados)",datacomemorativa,nao,,,,,2574,894,48,6,596.79,6,0,34.7,1.86,12.5,231.9,8.89,0.23
Donaris,Brasil,pt,BRL,mai,31/05,"Dia das Mães, 12, vale até 23h59 (engajados)",datacomemorativa,nao,,,,,2770,889,40,1,321.21,5,0,32.1,1.44,2.5,116.0,4.45,0.18
Donaris,Brasil,pt,BRL,jun,01/06,"Antecipação 6.6, 1, convite",antecipacao,nao,,,,,2798,880,11,3,339.96,2,1,31.5,0.39,27.3,121.5,4.66,0.07
Donaris,Brasil,pt,BRL,jun,03/06,"Antecipação 6.6, 2, acesso confirmado",antecipacao,nao,,,,,2869,977,21,1,0.0,5,0,34.1,0.73,4.8,0.0,0.0,0.17
Donaris,Brasil,pt,BRL,jun,05/06,"Antecipação 6.6, 3, véspera",vespera,nao,,,,,2925,902,11,3,1135.21,4,0,30.8,0.38,27.3,388.1,14.89,0.14
Donaris,Brasil,pt,BRL,jun,06/06 07h,"6.6, 1, Enc lista",pico 7h,nao,,,,,2948,933,13,0,0.0,3,0,31.6,0.44,0.0,0.0,0.0,0.1
Donaris,Brasil,pt,BRL,jun,06/06 11h,"6.6, 2, resgate pendente",pico 11h,nao,,,,,2947,960,51,0,0.0,1,0,32.6,1.73,0.0,0.0,0.0,0.03
Donaris,Brasil,pt,BRL,jun,06/06 18h,"6.6, 3, acesso premiado",pico 18h,nao,,,,,2953,971,42,0,0.0,6,0,32.9,1.42,0.0,0.0,0.0,0.2
Donaris,Brasil,pt,BRL,jun,12/06,Dia dos Namorados,datacomemorativa,nao,,,,,3102,1077,47,1,561.0,2,1,34.7,1.52,2.1,180.9,6.94,0.06
Donaris,Brasil,pt,BRL,jun,15/06,Semana Copa 1,tematica,nao,,,,,3166,1110,47,2,142.48,8,1,35.1,1.48,4.3,45.0,1.73,0.25
Donaris,Brasil,pt,BRL,jun,17/06,Semana Copa 2,tematica,sim,,,,,21848,1216,52,5,888.01,11,1,5.6,0.24,9.6,40.6,1.56,0.05
Donaris,Brasil,pt,BRL,jun,19/06,Álbum de figurinha (gol antes da Seleção),gamificada,sim,,,,,22203,1189,17,6,900.91,13,2,5.4,0.08,35.3,40.6,1.56,0.06
Donaris,Brasil,pt,BRL,jun,26/06,Social proof,prova,sim,,,,,23106,1254,15,5,788.36,12,1,5.4,0.06,33.3,34.1,1.31,0.05
Donaris,Brasil,pt,BRL,jul,01/07,"Antecipação 7.7, 1, convite",antecipacao,sim,,,,,23836,1377,38,3,168.3,10,1,5.8,0.16,7.9,7.1,0.27,0.04
Donaris,Brasil,pt,BRL,jul,03/07,"Antecipação 7.7, 2, agenda",antecipacao,sim,,,,,24182,1390,25,1,157.95,7,0,5.7,0.1,4.0,6.5,0.25,0.03
Donaris,Brasil,pt,BRL,jul,06/07,"Antecipação 7.7, 3, acesso pendente",vespera,sim,,,,,24806,1484,26,2,366.87,13,0,6.0,0.1,7.7,14.8,0.57,0.05
Donaris,Brasil,pt,BRL,jul,07/07 07h,"7.7, 1, cupom aprovado",pico 7h,sim,,,,,25064,1431,24,1,404.11,10,0,5.7,0.1,4.2,16.1,0.62,0.04
Donaris,Brasil,pt,BRL,jul,07/07 11h,"7.7, 2, vá até o final",pico 11h,sim,,,,,25054,1383,24,1,169.98,12,1,5.5,0.1,4.2,6.8,0.26,0.05
Donaris,Brasil,pt,BRL,jul,07/07 18h,"7.7, 3, última chamada",pico 18h,sim,,,,,25133,1390,74,7,1010.55,9,0,5.5,0.29,9.5,40.2,1.54,0.04
Donaris,Brasil,pt,BRL,jul,15/07,Favoritos do 7.7,ressaca,sim,,,,,27198,1477,85,7,738.2,10,2,5.4,0.31,8.2,27.1,1.04,0.04
Donaris,Brasil,pt,BRL,jul,18/07,Final da Copa,tematica,sim,,,,,27960,1570,87,2,345.95,10,1,5.6,0.31,2.3,12.4,0.47,0.04
Donaris,Brasil,pt,BRL,jul,20/07,Revele seu desconto,gamificada,sim,,,,,28466,1545,76,3,730.98,6,5,5.4,0.27,3.9,25.7,0.98,0.02
Donaris,Brasil,pt,BRL,jul,22/07,Jornal,notificacao,sim,,,,,28991,1597,91,5,640.8,7,0,5.5,0.31,5.5,22.1,0.85,0.02
Donaris,Brasil,pt,BRL,jul,24/07,Ligação,notificacao,sim,,,,,29422,1643,72,1,225.8,13,1,5.6,0.24,1.4,7.7,0.29,0.04
Donaris,Brasil,pt,BRL,jul,25/07,Reabertura,ressaca,sim,,,,,29639,1577,20,3,876.5,10,1,5.3,0.07,15.0,29.6,1.13,0.03
Donaris,Brasil,pt,BRL,jul,27/07,Segunda da sorte,gamificada,sim,,,,,30338,1591,73,2,318.27,11,1,5.2,0.24,2.7,10.5,0.4,0.04
Donaris,Brasil,pt,BRL,jul,29/07,UGC Dia dos Pais,prova,sim,,,,,31017,1564,20,0,0.0,12,0,5.0,0.06,0.0,0.0,0.0,0.04
Donaris,Brasil,pt,BRL,jul,31/07,"Especial Agosto, 1, amanhã leve 3 pague 2",datacomemorativa,sim,,,,,30045,2257,42,5,768.1,19,1,7.5,0.14,11.9,25.6,0.98,0.06
Donaris,Brasil,pt,BRL,ago,01/08,"Especial Agosto, 2, escolha 3 pague 2",datacomemorativa,sim,,,,,30179,2222,93,3,586.79,12,3,7.4,0.31,3.2,19.4,0.75,0.04
Donaris,Brasil,pt,BRL,ago,03/08,"Especial Agosto, 3, uma sai de graça",datacomemorativa,sim,,,,,31105,2286,45,8,1576.91,18,1,7.3,0.14,17.8,50.7,1.94,0.06
Donaris,Brasil,pt,BRL,ago,06/08,"Especial Agosto, 4, 3ª peça R$0",datacomemorativa,sim,,,,,32338,2079,125,1,196.9,13,2,6.4,0.39,0.8,6.1,0.23,0.04
Donaris,Brasil,pt,BRL,ago,08/08,"Especial Agosto, 5, até amanhã",datacomemorativa,sim,,,,,33192,2042,102,0,0.0,2,1,6.2,0.31,0.0,0.0,0.0,0.01
Donaris,Brasil,pt,BRL,ago,09/08,"Especial Agosto, 6, acaba hoje",datacomemorativa,sim,,,,,33631,2113,114,5,693.83,10,2,6.3,0.34,4.4,20.6,0.79,0.03
Donaris,Brasil,pt,BRL,ago,14/08,Sextou,recorrente,sim,,,,,35561,2253,123,2,374.0,23,3,6.3,0.35,1.6,10.5,0.4,0.06
Donaris,Brasil,pt,BRL,ago,17/08,Segunda turbo,gamificada,sim,,,,,36671,2302,128,1,158.95,16,0,6.3,0.35,0.8,4.3,0.17,0.04
Donaris,Brasil,pt,BRL,ago,19/08,UGC Dia da Fotografia,prova,sim,,,,,37286,2365,33,2,403.9,16,1,6.3,0.09,6.1,10.8,0.42,0.04
Donaris,Brasil,pt,BRL,ago,21/08,Catálogo indecisão,catalogo,sim,,,,,37660,2254,127,5,737.96,8,3,6.0,0.34,3.9,19.6,0.75,0.02
Donaris,Brasil,pt,BRL,ago,24/08,"Semana 15%, On & Off",semana15,sim,,,,,38014,2447,127,4,925.26,12,1,6.4,0.33,3.1,24.3,0.93,0.03
Donaris,Brasil,pt,BRL,ago,26/08,"Semana 15%, Escolha o caminho (engajados)",semana15,nao,,,,,6739,2318,10,4,617.32,13,0,34.4,0.15,40.0,91.6,3.51,0.19
Donaris,Brasil,pt,BRL,ago,28/08,Notificação do futuro (engajados),notificacao,nao,,,,,6823,2664,117,5,667.05,14,3,39.0,1.71,4.3,97.8,3.75,0.21
Donaris,Brasil,pt,BRL,ago,31/08,Catálogo fecha mês (engajados),catalogo,nao,,,,,6911,2616,112,3,356.9,11,5,37.9,1.62,2.7,51.6,1.98,0.16
Donaris,Brasil,pt,BRL,set,03/09,"Esquenta 9.9, 1, Enc",antecipacao,sim,,,,,19635,2765,21,2,386.8,11,1,14.1,0.11,9.5,19.7,0.76,0.06
Donaris,Brasil,pt,BRL,set,05/09,"Esquenta 9.9, 2, prometi avisar",antecipacao,sim,,,,,20465,2750,122,1,374.0,15,2,13.4,0.6,0.8,18.3,0.7,0.07
Donaris,Brasil,pt,BRL,set,07/09,7 de Setembro,datacomemorativa,sim,,,,,21357,2668,121,2,292.24,13,2,12.5,0.57,1.7,13.7,0.52,0.06
Donaris,Brasil,pt,BRL,set,08/09,"Esquenta 9.9, 4, véspera",vespera,sim,,,,,21807,2802,126,2,347.82,16,0,12.8,0.58,1.6,15.9,0.61,0.07
Donaris,Brasil,pt,BRL,set,09/09 07h,"9.9, 1, cupom liberado",pico 7h,nao,,,,,7326,2684,28,4,497.15,7,1,36.6,0.38,14.3,67.9,2.6,0.1
Donaris,Brasil,pt,BRL,set,09/09 11h,"9.9, 2, acesso liberado",pico 11h,nao,,,,,7333,2713,129,3,605.88,13,0,37.0,1.76,2.3,82.6,3.17,0.18
Donaris,Brasil,pt,BRL,set,09/09 18h,"9.9, 3, status mudou",pico 18h,nao,,,,,7326,2855,119,2,362.69,21,1,39.0,1.62,1.7,49.5,1.9,0.29
Donaris,Brasil,pt,BRL,set,11/09,Ressaca 9.9,ressaca,nao,,,,,7449,2576,131,5,1012.02,8,0,34.6,1.76,3.8,135.9,5.21,0.11
Donaris,Brasil,pt,BRL,set,14/09,Antecipação Dia do Cliente,vespera,nao,,,,,7573,2580,37,1,187.0,10,0,34.1,0.49,2.7,24.7,0.95,0.13
Donaris,Brasil,pt,BRL,set,15/09 07h,"Dia do Cliente, 1, escolhido",pico 7h,nao,,,,,7631,2547,37,6,1035.53,9,2,33.4,0.48,16.2,135.7,5.21,0.12
Donaris,Brasil,pt,BRL,set,15/09 11h,"Dia do Cliente, 2, aprovado?",pico 11h,nao,,,,,7619,2525,125,2,497.84,7,0,33.1,1.64,1.6,65.3,2.51,0.09
Donaris,Brasil,pt,BRL,set,15/09 18h,"Dia do Cliente, 3, prêmio",pico 18h,nao,,,,,7583,2690,120,6,1156.86,7,2,35.5,1.58,5.0,152.6,5.85,0.09
Donaris,Brasil,pt,BRL,set,17/09,"Semana do Cliente, 1",extensao,nao,,,,,7796,2443,130,5,1373.92,9,0,31.3,1.67,3.8,176.2,6.76,0.12
Donaris,Brasil,pt,BRL,set,19/09,"Semana do Cliente, 2",extensao,nao,,,,,8169,2520,126,2,342.21,3,2,30.8,1.54,1.6,41.9,1.61,0.04
Moisfine,Global,en,USD,mai,02/05,"Antecipação 5.5, 1",antecipacao,nao,,,,,2205,685,20,1,253.38,9,0,31.1,0.91,5.0,114.9,1.11,0.41
Moisfine,Global,en,USD,mai,04/05,"Antecipação 5.5, 2, véspera",vespera,nao,,,,,2221,667,12,0,0.0,4,0,30.0,0.54,0.0,0.0,0.0,0.18
Moisfine,Global,en,USD,mai,05/05 07h,"5.5, 1, e-mail prêmio",pico 7h,nao,,,,,2222,729,43,0,0.0,2,0,32.8,1.94,0.0,0.0,0.0,0.09
Moisfine,Global,en,USD,mai,05/05 11h,"5.5, 2, maior oferta do Dia das Mães",pico 11h,nao,,,,,2222,695,13,0,0.0,2,0,31.3,0.59,0.0,0.0,0.0,0.09
Moisfine,Global,en,USD,mai,05/05 18h,"5.5, 3, status mudou",pico 18h,nao,,,,,2220,883,34,3,691.06,17,0,39.8,1.53,8.8,311.3,3.0,0.77
Moisfine,Global,en,USD,mai,10/05,Feliz Dia das Mães,datacomemorativa,nao,,,,,2243,704,14,3,776.17,5,0,31.4,0.62,21.4,346.0,3.34,0.22
Moisfine,Global,en,USD,mai,15/05,Você foi convocado,notificacao,nao,,,,,1295,696,28,0,0.0,11,0,53.7,2.16,0.0,0.0,0.0,0.85
Moisfine,Global,en,USD,mai,21/05,Destaques da semana,recorrente,nao,,,,,1319,691,21,0,0.0,2,0,52.4,1.59,0.0,0.0,0.0,0.15
Moisfine,Global,en,USD,mai,28/05,Catálogo final de maio,catalogo,nao,,,,,1350,720,36,1,280.11,4,1,53.3,2.67,2.8,207.5,2.0,0.3
Moisfine,Global,en,USD,jun,01/06,"Antecipação 6.6, 1, convite",antecipacao,nao,,,,,1371,849,38,0,0.0,7,0,61.9,2.77,0.0,0.0,0.0,0.51
Moisfine,Global,en,USD,jun,03/06,"Antecipação 6.6, 2, acesso confirmado",antecipacao,nao,,,,,1377,843,33,1,429.6,12,1,61.2,2.4,3.0,312.0,3.01,0.87
Moisfine,Global,en,USD,jun,05/06,"Antecipação 6.6, 3, véspera",vespera,nao,,,,,1374,699,12,0,0.0,5,0,50.9,0.87,0.0,0.0,0.0,0.36
Moisfine,Global,en,USD,jun,06/06 07h,"6.6, 1, Fwd lista",pico 7h,nao,,,,,1374,750,27,1,98.77,8,0,54.6,1.97,3.7,71.9,0.69,0.58
Moisfine,Global,en,USD,jun,06/06 11h,"6.6, 2, recompensa pendente",pico 11h,nao,,,,,1366,729,30,2,385.31,4,0,53.4,2.2,6.7,282.1,2.72,0.29
Moisfine,Global,en,USD,jun,06/06 18h,"6.6, 3, reward access",pico 18h,nao,,,,,1363,700,30,1,159.0,4,0,51.4,2.2,3.3,116.7,1.13,0.29
Moisfine,Global,en,USD,jun,12/06,Summer deals,tematica,nao,,,,,1384,622,27,0,0.0,4,0,44.9,1.95,0.0,0.0,0.0,0.29
Moisfine,Global,en,USD,jun,15/06,Semana Copa 1,tematica,nao,,,,,1386,669,24,0,0.0,4,0,48.3,1.73,0.0,0.0,0.0,0.29
Moisfine,Global,en,USD,jun,17/06,Semana Copa 2,tematica,nao,,,,,1393,664,17,0,0.0,7,0,47.7,1.22,0.0,0.0,0.0,0.5
Moisfine,Global,en,USD,jun,19/06,Álbum de figurinha,gamificada,nao,,,,,1393,672,28,1,382.76,2,0,48.2,2.01,3.6,274.8,2.65,0.14
Moisfine,Global,en,USD,jun,26/06,Social proof,prova,nao,,,,,1423,705,5,2,483.14,4,0,49.5,0.35,40.0,339.5,3.28,0.28
Moisfine,Global,en,USD,jul,01/07,"Antecipação 7.7, 1, convite",antecipacao,nao,,,,,1438,894,44,1,318.89,5,0,62.2,3.06,2.3,221.8,2.14,0.35
Moisfine,Global,en,USD,jul,03/07,"Antecipação 7.7, 2, agenda",antecipacao,nao,,,,,1435,852,27,0,0.0,5,0,59.4,1.88,0.0,0.0,0.0,0.35
Moisfine,Global,en,USD,jul,06/07,"Antecipação 7.7, 3, acesso pendente",vespera,nao,,,,,1441,734,17,0,0.0,4,1,50.9,1.18,0.0,0.0,0.0,0.28
Moisfine,Global,en,USD,jul,07/07 07h,"7.7, 1, cupom aprovado",pico 7h,nao,,,,,1443,733,23,0,0.0,3,0,50.8,1.59,0.0,0.0,0.0,0.21
Moisfine,Global,en,USD,jul,07/07 11h,"7.7, 2, role até o fim",pico 11h,nao,,,,,1439,707,15,0,0.0,6,0,49.1,1.04,0.0,0.0,0.0,0.42
Moisfine,Global,en,USD,jul,07/07 18h,"7.7, 3, final call",pico 18h,nao,,,,,1437,750,30,0,0.0,1,0,52.2,2.09,0.0,0.0,0.0,0.07
Moisfine,Global,en,USD,jul,15/07,Favoritos do 7.7,ressaca,nao,,,,,1447,758,26,2,141.66,5,0,52.4,1.8,7.7,97.9,0.94,0.35
Moisfine,Global,en,USD,jul,18/07,Final da Copa,tematica,nao,,,,,1428,734,29,1,0.0,2,0,51.4,2.03,3.4,0.0,0.0,0.14
Moisfine,Global,en,USD,jul,20/07,Revele seu desconto,gamificada,nao,,,,,1428,747,39,1,199.0,3,0,52.3,2.73,2.6,139.4,1.34,0.21
Moisfine,Global,en,USD,jul,22/07,Jornal,notificacao,nao,,,,,1435,724,26,2,502.76,3,0,50.5,1.81,7.7,350.4,3.38,0.21
Moisfine,Global,en,USD,jul,24/07,Ligação,notificacao,nao,,,,,1421,733,23,2,391.11,1,0,51.6,1.62,8.7,275.2,2.66,0.07
Moisfine,Global,en,USD,jul,25/07,Reabertura,ressaca,nao,,,,,1423,752,19,1,447.35,4,0,52.8,1.34,5.3,314.4,3.03,0.28
Moisfine,Global,en,USD,jul,27/07,Segunda da sorte,gamificada,nao,,,,,1424,750,27,0,0.0,2,0,52.7,1.9,0.0,0.0,0.0,0.14
Moisfine,Global,en,USD,jul,29/07,UGC social proof,prova,nao,,,,,1434,736,6,0,0.0,0,0,51.3,0.42,0.0,0.0,0.0,0.0
Moisfine,Global,en,USD,jul,31/07,Sexta premiada,gamificada,nao,,,,,1440,761,30,1,191.38,2,0,52.8,2.08,3.3,132.9,1.28,0.14
Moisfine,Global,en,USD,ago,03/08,"Esquenta 8.8, 1, warm-up",antecipacao,nao,,,,,1440,744,20,0,0.0,1,0,51.7,1.39,0.0,0.0,0.0,0.07
Moisfine,Global,en,USD,ago,05/08,"Esquenta 8.8, 2, bom motivo",antecipacao,nao,,,,,1438,734,24,1,127.49,2,0,51.0,1.67,4.2,88.7,0.86,0.14
Moisfine,Global,en,USD,ago,07/08,"Esquenta 8.8, 3, é amanhã",vespera,nao,,,,,1442,748,31,1,243.12,7,0,51.9,2.15,3.2,168.6,1.63,0.49
Moisfine,Global,en,USD,ago,08/08 07h,"8.8, 1, Fwd lista",pico 7h,nao,,,,,1442,757,15,2,637.75,4,0,52.5,1.04,13.3,442.3,4.27,0.28
Moisfine,Global,en,USD,ago,08/08 11h,"8.8, 2, primeiros 100",pico 11h,nao,,,,,1439,753,30,3,684.53,2,0,52.3,2.08,10.0,475.7,4.59,0.14
Moisfine,Global,en,USD,ago,08/08 18h,"8.8, 3, status mudou",pico 18h,nao,,,,,1432,915,44,1,149.66,2,0,63.9,3.07,2.3,104.5,1.01,0.14
Moisfine,Global,en,USD,ago,11/08,Ressaca 8.8,ressaca,nao,,,,,1438,774,29,0,0.0,6,0,53.8,2.02,0.0,0.0,0.0,0.42
Moisfine,Global,en,USD,ago,14/08,Sextou,recorrente,nao,,,,,1447,759,34,0,0.0,1,0,52.5,2.35,0.0,0.0,0.0,0.07
Moisfine,Global,en,USD,ago,17/08,Segunda turbo,gamificada,nao,,,,,1452,710,54,1,182.99,4,0,48.9,3.72,1.9,126.0,1.22,0.28
Moisfine,Global,en,USD,ago,18/08,Desconto progressivo (própria),promocao,nao,,,,,1454,747,24,0,0.0,2,0,51.4,1.65,0.0,0.0,0.0,0.14
Moisfine,Global,en,USD,ago,19/08,UGC Dia da Fotografia,prova,nao,,,,,1456,756,7,0,0.0,2,0,51.9,0.48,0.0,0.0,0.0,0.14
Moisfine,Global,en,USD,ago,21/08,Catálogo indecisão,catalogo,nao,,,,,1465,773,34,0,0.0,4,0,52.8,2.32,0.0,0.0,0.0,0.27
Moisfine,Global,en,USD,ago,24/08,"Semana 15%, On & Off",semana15,nao,,,,,1480,794,32,1,146.26,6,0,53.6,2.16,3.1,98.8,0.95,0.41
Moisfine,Global,en,USD,ago,26/08,"Semana 15%, Escolha o caminho",semana15,nao,,,,,1482,822,20,1,264.74,5,1,55.5,1.35,5.0,178.6,1.72,0.34
Moisfine,Global,en,USD,ago,28/08,Notificação do futuro,notificacao,nao,,,,,1484,808,37,0,0.0,14,0,54.4,2.49,0.0,0.0,0.0,0.94
Moisfine,Global,en,USD,ago,31/08,Catálogo fecha mês,catalogo,nao,,,,,1486,776,27,1,264.94,8,0,52.2,1.82,3.7,178.3,1.72,0.54
Moisfine,Global,en,USD,set,03/09,"Esquenta 9.9, 1, Fwd",antecipacao,nao,,,,,1486,824,11,0,0.0,8,0,55.5,0.74,0.0,0.0,0.0,0.54
Moisfine,Global,en,USD,set,05/09,"Esquenta 9.9, 2, prometi avisar",antecipacao,nao,,,,,1470,788,28,0,0.0,8,0,53.6,1.9,0.0,0.0,0.0,0.54
Moisfine,Global,en,USD,set,07/09,"Esquenta 9.9, 3, acesso garantido",antecipacao,nao,,,,,1475,799,32,0,0.0,1,0,54.2,2.17,0.0,0.0,0.0,0.07
Moisfine,Global,en,USD,set,08/09,"Esquenta 9.9, 4, véspera",vespera,nao,,,,,1477,779,30,0,0.0,2,0,52.7,2.03,0.0,0.0,0.0,0.14
Moisfine,Global,en,USD,set,09/09 07h,"9.9, 1, cupom liberado",pico 7h,nao,,,,,1477,779,18,1,188.32,2,0,52.7,1.22,5.6,127.5,1.23,0.14
Moisfine,Global,en,USD,set,09/09 11h,"9.9, 2, acesso liberado",pico 11h,nao,,,,,1476,908,37,1,189.2,8,0,61.5,2.51,2.7,128.2,1.24,0.54
Moisfine,Global,en,USD,set,09/09 18h,"9.9, 3, status mudou",pico 18h,nao,,,,,1470,903,47,2,327.42,11,0,61.4,3.2,4.3,222.7,2.15,0.75
Moisfine,Global,en,USD,set,11/09,Ressaca 9.9,ressaca,nao,,,,,1465,770,19,0,0.0,3,1,52.6,1.3,0.0,0.0,0.0,0.2
Moisfine,Global,en,USD,set,14/09,Antecipação VIP Day,vespera,nao,,,,,1468,907,32,1,136.53,13,0,61.8,2.18,3.1,93.0,0.9,0.89
Moisfine,Global,en,USD,set,15/09 07h,"VIP Day, 1, selecionado",pico 7h,nao,,,,,1452,754,15,0,0.0,2,0,51.9,1.03,0.0,0.0,0.0,0.14
Moisfine,Global,en,USD,set,15/09 11h,"VIP Day, 2, aprovado?",pico 11h,nao,,,,,1454,760,21,2,192.01,5,0,52.3,1.44,9.5,132.1,1.27,0.34
Moisfine,Global,en,USD,set,15/09 18h,"VIP Day, 3, prêmio",pico 18h,nao,,,,,1447,743,25,1,273.61,3,0,51.3,1.73,4.0,189.1,1.82,0.21
Moisfine,Global,en,USD,set,17/09,"VIP Week, 1",extensao,nao,,,,,1451,719,34,0,0.0,4,0,49.6,2.34,0.0,0.0,0.0,0.28
Moisfine,Global,en,USD,set,19/09,"VIP Week, 2",extensao,nao,,,,,1458,697,23,0,0.0,5,0,47.8,1.58,0.0,0.0,0.0,0.34
Brinque Mais,Brasil,pt,BRL,mai,02/05,"Antecipação 5.5, 1, bom motivo",antecipacao,sim,,,,,24167,3481,30,0,0.0,36,5,14.4,0.12,0.0,0.0,0.0,0.15
Brinque Mais,Brasil,pt,BRL,mai,04/05,"Antecipação 5.5, 2, véspera",vespera,sim,,,,,24180,3616,17,1,198.79,41,5,15.0,0.07,5.9,8.2,0.15,0.17
Brinque Mais,Brasil,pt,BRL,mai,05/05 07h,"5.5, 1, e-mail premiado",pico 7h,sim,,,,,24155,3791,60,4,684.71,42,8,15.7,0.25,6.7,28.3,0.52,0.17
Brinque Mais,Brasil,pt,BRL,mai,05/05 11h,"5.5, 2, desbloqueado",pico 11h,sim,,,,,24119,3495,34,1,149.0,27,3,14.5,0.14,2.9,6.2,0.11,0.11
Brinque Mais,Brasil,pt,BRL,mai,05/05 18h,"5.5, 3, status mudou",pico 18h,sim,,,,,24096,4140,42,5,1380.58,45,1,17.2,0.17,11.9,57.3,1.06,0.19
Brinque Mais,Brasil,pt,BRL,mai,15/05,Você foi convocado,notificacao,sim,,,,,24228,3690,58,4,716.99,30,2,15.2,0.24,6.9,29.6,0.55,0.12
Brinque Mais,Brasil,pt,BRL,mai,21/05,Catálogo Dia dos Namorados 1,datacomemorativa,sim,,,,,24438,3742,65,6,1063.0,32,6,15.3,0.27,9.2,43.5,0.8,0.13
Brinque Mais,Brasil,pt,BRL,mai,28/05,Catálogo Dia dos Namorados 2,datacomemorativa,sim,,,,,24818,3755,60,8,1637.95,20,2,15.1,0.24,13.3,66.0,1.22,0.08
Brinque Mais,Brasil,pt,BRL,jun,01/06,"Antecipação 6.6, 1, convite",antecipacao,sim,,,,,24988,2635,33,2,308.0,20,1,10.5,0.13,6.1,12.3,0.23,0.08
Brinque Mais,Brasil,pt,BRL,jun,03/06,"Antecipação 6.6, 2, acesso confirmado",antecipacao,sim,,,,,25059,4923,70,3,496.58,46,2,19.6,0.28,4.3,19.8,0.37,0.18
Brinque Mais,Brasil,pt,BRL,jun,05/06,"Antecipação 6.6, 3, véspera",vespera,sim,,,,,25121,3777,33,3,456.58,20,5,15.0,0.13,9.1,18.2,0.33,0.08
Brinque Mais,Brasil,pt,BRL,jun,06/06 07h,"6.6, 1, Enc lista",pico 7h,sim,,,,,25148,3945,41,3,484.66,23,3,15.7,0.16,7.3,19.3,0.36,0.09
Brinque Mais,Brasil,pt,BRL,jun,06/06 11h,"6.6, 2, resgate pendente",pico 11h,sim,,,,,25139,3962,79,8,1601.27,21,5,15.8,0.31,10.1,63.7,1.17,0.08
Brinque Mais,Brasil,pt,BRL,jun,06/06 18h,"6.6, 3, acesso premiado",pico 18h,sim,,,,,25126,3907,65,4,648.66,25,3,15.5,0.26,6.2,25.8,0.48,0.1
Brinque Mais,Brasil,pt,BRL,jun,12/06,Dia dos Namorados,datacomemorativa,sim,,,,,25596,3788,52,2,537.79,24,3,14.8,0.2,3.8,21.0,0.39,0.09
Brinque Mais,Brasil,pt,BRL,jun,15/06,Semana Copa 1,tematica,sim,,,,,25744,3794,54,2,328.0,48,4,14.7,0.21,3.7,12.7,0.23,0.19
Brinque Mais,Brasil,pt,BRL,jun,17/06,Semana Copa 2,tematica,sim,,,,,25839,3747,88,2,507.0,33,5,14.5,0.34,2.3,19.6,0.36,0.13
Brinque Mais,Brasil,pt,BRL,jun,19/06,Álbum de figurinha,gamificada,sim,,,,,25922,3677,21,1,277.79,25,5,14.2,0.08,4.8,10.7,0.2,0.1
Brinque Mais,Brasil,pt,BRL,jun,26/06,Social proof,prova,sim,,,,,26303,3919,42,2,437.79,16,4,14.9,0.16,4.8,16.6,0.31,0.06
Brinque Mais,Brasil,pt,BRL,jul,01/07,"Antecipação 7.7, 1, convite",antecipacao,sim,,,,,26634,3992,38,4,755.37,30,5,15.0,0.14,10.5,28.4,0.52,0.11
Brinque Mais,Brasil,pt,BRL,jul,03/07,"Antecipação 7.7, 2, agenda",antecipacao,sim,,,,,26752,3993,105,3,2326.79,26,1,14.9,0.39,2.9,87.0,1.6,0.1
Brinque Mais,Brasil,pt,BRL,jul,06/07,"Antecipação 7.7, 3, acesso pendente",vespera,sim,,,,,26934,3998,115,0,0.0,44,1,14.8,0.43,0.0,0.0,0.0,0.16
Brinque Mais,Brasil,pt,BRL,jul,07/07 07h,"7.7, 1, cupom aprovado",pico 7h,sim,,,,,27002,3978,125,6,1019.95,35,1,14.7,0.46,4.8,37.8,0.7,0.13
Brinque Mais,Brasil,pt,BRL,jul,07/07 11h,"7.7, 2, vá até o final",pico 11h,sim,,,,,26999,3867,52,5,1302.58,42,2,14.3,0.19,9.6,48.2,0.89,0.16
Brinque Mais,Brasil,pt,BRL,jul,07/07 18h,"7.7, 3, última chamada (saiu às 11h)",pico 18h,sim,,,,,26999,3864,87,2,327.57,48,1,14.3,0.32,2.3,12.1,0.22,0.18
Brinque Mais,Brasil,pt,BRL,jul,15/07,Favoritos do 7.7,ressaca,sim,,,,,28178,4032,134,2,518.68,46,5,14.3,0.48,1.5,18.4,0.34,0.16
Brinque Mais,Brasil,pt,BRL,jul,18/07,Final da Copa,tematica,sim,,,,,28642,4133,163,4,725.58,34,6,14.4,0.57,2.5,25.3,0.47,0.12
Brinque Mais,Brasil,pt,BRL,jul,20/07,Revele seu desconto,gamificada,sim,,,,,29039,4085,140,4,725.79,46,3,14.1,0.48,2.9,25.0,0.46,0.16
Brinque Mais,Brasil,pt,BRL,jul,22/07,Jornal,notificacao,sim,,,,,29425,4199,157,7,1830.59,45,0,14.3,0.53,4.5,62.2,1.15,0.15
Brinque Mais,Brasil,pt,BRL,jul,24/07,Ligação,notificacao,sim,,,,,29818,4254,150,2,437.79,44,2,14.3,0.5,1.3,14.7,0.27,0.15
Brinque Mais,Brasil,pt,BRL,jul,25/07,Reabertura,ressaca,sim,,,,,29972,4181,125,6,1382.32,30,1,13.9,0.42,4.8,46.1,0.85,0.1
Brinque Mais,Brasil,pt,BRL,jul,27/07,Segunda da sorte,gamificada,sim,,,,,30357,4175,147,5,1637.88,48,3,13.8,0.48,3.4,54.0,0.99,0.16
Brinque Mais,Brasil,pt,BRL,jul,29/07,UGC Dia dos Pais,prova,sim,,,,,30646,4161,66,5,925.0,21,0,13.6,0.22,7.6,30.2,0.56,0.07
Brinque Mais,Brasil,pt,BRL,jul,31/07,Sexta premiada,gamificada,sim,,,,,30994,4294,127,13,2270.28,16,1,13.9,0.41,10.2,73.2,1.35,0.05
Brinque Mais,Brasil,pt,BRL,ago,03/08,"Esquenta 8.8, 1",antecipacao,sim,,,,,31658,4277,107,3,486.79,36,2,13.5,0.34,2.8,15.4,0.28,0.11
Brinque Mais,Brasil,pt,BRL,ago,05/08,"Esquenta 8.8, 2, bom motivo",antecipacao,sim,,,,,32134,4442,140,2,377.58,44,3,13.8,0.44,1.4,11.8,0.22,0.14
Brinque Mais,Brasil,pt,BRL,ago,07/08,"Esquenta 8.8, 3, é amanhã",vespera,sim,,,,,32664,4318,144,7,1253.47,45,1,13.2,0.44,4.9,38.4,0.71,0.14
Brinque Mais,Brasil,pt,BRL,ago,08/08 07h,"8.8, 1, Enc lista",pico 7h,sim,,,,,32895,4571,21,4,824.56,49,2,13.9,0.06,19.0,25.1,0.46,0.15
Brinque Mais,Brasil,pt,BRL,ago,08/08 11h,"8.8, 2, 100 primeiros",pico 11h,sim,,,,,32887,4375,110,8,1516.56,38,2,13.3,0.33,7.3,46.1,0.85,0.12
Brinque Mais,Brasil,pt,BRL,ago,08/08 18h,"8.8, 3, status mudou",pico 18h,sim,,,,,33013,5440,154,12,2506.57,76,4,16.5,0.47,7.8,75.9,1.4,0.23
Brinque Mais,Brasil,pt,BRL,ago,11/08,Ressaca 8.8,ressaca,sim,,,,,33867,4466,177,8,1790.11,40,4,13.2,0.52,4.5,52.9,0.97,0.12
Brinque Mais,Brasil,pt,BRL,ago,14/08,Sextou,recorrente,sim,,,,,34884,4665,180,5,1042.42,40,4,13.4,0.52,2.8,29.9,0.55,0.11
Brinque Mais,Brasil,pt,BRL,ago,17/08,Segunda turbo,gamificada,sim,,,,,35545,4704,180,10,2054.17,38,6,13.2,0.51,5.6,57.8,1.06,0.11
Brinque Mais,Brasil,pt,BRL,ago,19/08,UGC Dia da Fotografia,prova,sim,,,,,35861,4879,60,10,1908.37,33,5,13.6,0.17,16.7,53.2,0.98,0.09
Brinque Mais,Brasil,pt,BRL,ago,21/08,Catálogo indecisão,catalogo,sim,,,,,36092,4719,193,9,1455.77,41,3,13.1,0.53,4.7,40.3,0.74,0.11
Brinque Mais,Brasil,pt,BRL,ago,24/08,"Semana 15%, On & Off",semana15,sim,,,,,36602,4945,202,13,2570.15,36,2,13.5,0.55,6.4,70.2,1.29,0.1
Brinque Mais,Brasil,pt,BRL,ago,26/08,"Semana 15%, Escolha o caminho",semana15,sim,,,,,36890,5060,72,10,1833.85,32,5,13.7,0.2,13.9,49.7,0.92,0.09
Brinque Mais,Brasil,pt,BRL,ago,28/08,Notificação do futuro,notificacao,sim,,,,,37197,5271,291,18,4606.11,29,0,14.2,0.78,6.2,123.8,2.28,0.08
Brinque Mais,Brasil,pt,BRL,ago,31/08,Catálogo fecha mês,catalogo,sim,,,,,37684,5031,225,15,3350.34,33,3,13.4,0.6,6.7,88.9,1.64,0.09
Brinque Mais,Brasil,pt,BRL,set,03/09,"Esquenta 9.9, 1, Enc",antecipacao,sim,,,,,38310,5247,57,23,4822.23,32,2,13.7,0.15,40.4,125.9,2.32,0.08
Brinque Mais,Brasil,pt,BRL,set,05/09,"Esquenta 9.9, 2, prometi avisar",antecipacao,nao,,,,,19834,5209,258,13,2985.46,33,3,26.3,1.3,5.0,150.5,2.77,0.17
Brinque Mais,Brasil,pt,BRL,set,07/09,7 de Setembro,datacomemorativa,nao,,,,,20544,4828,192,3,426.79,29,4,23.5,0.93,1.6,20.8,0.38,0.14
Brinque Mais,Brasil,pt,BRL,set,08/09,"Esquenta 9.9, 4, véspera",vespera,nao,,,,,20868,5312,218,8,1842.53,32,4,25.5,1.04,3.7,88.3,1.63,0.15
Brinque Mais,Brasil,pt,BRL,set,09/09 07h,"9.9, 1, cupom liberado",pico 7h,nao,,,,,13447,5071,66,12,2090.93,30,3,37.7,0.49,18.2,155.5,2.86,0.22
Brinque Mais,Brasil,pt,BRL,set,09/09 11h,"9.9, 2, acesso liberado",pico 11h,nao,,,,,13435,5057,222,10,2040.64,32,4,37.6,1.65,4.5,151.9,2.8,0.24
Brinque Mais,Brasil,pt,BRL,set,09/09 18h,"9.9, 3, status mudou",pico 18h,nao,,,,,13445,6081,301,22,4263.96,37,3,45.2,2.24,7.3,317.1,5.84,0.28
Brinque Mais,Brasil,pt,BRL,set,11/09,Ressaca 9.9,ressaca,nao,,,,,13536,5381,359,19,4354.68,30,2,39.8,2.65,5.3,321.7,5.93,0.22
Brinque Mais,Brasil,pt,BRL,set,14/09,Antecipação Dia do Cliente,vespera,nao,,,,,13824,5270,83,9,2173.0,22,2,38.1,0.6,10.8,157.2,2.9,0.16
Brinque Mais,Brasil,pt,BRL,set,15/09 07h,"Dia do Cliente, 1, escolhido",pico 7h,nao,,,,,13980,5228,91,5,1361.45,27,1,37.4,0.65,5.5,97.4,1.79,0.19
Brinque Mais,Brasil,pt,BRL,set,15/09 11h,"Dia do Cliente, 2, aprovado?",pico 11h,nao,,,,,13969,5079,218,4,772.99,20,1,36.4,1.56,1.8,55.3,1.02,0.14
Brinque Mais,Brasil,pt,BRL,set,15/09 18h,"Dia do Cliente, 3, prêmio",pico 18h,nao,,,,,14020,5260,244,18,3275.32,27,1,37.5,1.74,7.4,233.6,4.3,0.19
Brinque Mais,Brasil,pt,BRL,set,17/09,"Semana do Cliente, 1",extensao,nao,,,,,14242,4855,222,9,2376.47,17,3,34.1,1.56,4.1,166.9,3.07,0.12
Brinque Mais,Brasil,pt,BRL,set,19/09,"Semana do Cliente, 2",extensao,nao,,,,,14516,4727,200,9,1655.15,20,3,32.6,1.38,4.5,114.0,2.1,0.14
