mes,linha,frame,node_id,altura_px,link_figma,copy
agosto,PT (master Brasil),campanha - 29/07,3668:1886,3960,https://www.figma.com/design/hBrwHZnGuySRZvAEZFGUyD/?node-id=3668-1886,"6.747 AVALIAÇÕES · NÃO MENTEM... · Presentes que transformam a casa do pai. Quem já deu, aprova. · VER OS PRESENTES · VEJA O QUE ESTÃO · DIZENDO · C · Camila Ferreira · ""Comprei o kit de organização de cozinha pra dar pro meu pai no aniversário dele e fiquei surpresa com a agilidade. Acompanhei cada etapa pelo rastreio, chegou três dias antes do prazo e numa embalagem super bem cuidada. Meu pai abriu e já quis instalar tudo no mesmo dia. Voltei pra comprar o kit do banheiro também."" · APROVEITAR AGORA · R · Roberto Mendes · ""Ganhei dos meus filhos um organizador de gavetas e a luminária de LED pra mesa. O acabamento é sério — material firme, encaixe perfeito, nada de peça solta ou plástico frágil. Já faz quatro meses que uso todo dia e continua com cara de novo. Minha esposa pediu o mesmo pra cozinha depois que viu."" · APROVEITAR AGORA · T · Thiago Oliveira · ""Comprei pra renovar meu home office e acabei equipando a casa inteira. Antes de fechar o pedido, mandei uma mensagem tirando dúvida sobre tamanho e me responderam em minutos com foto de referência e tudo. Isso fez eu confiar e levar mais peças. Do pedido à entrega, tudo impecável. Já indiquei pra três amigos."" · APROVEITAR AGORA · VER TODA A LOJA · ENVIO EXPRESSO · PAGAMENTO SEGURO · QUALIDADE NOS PRODUTOS · Envio rápido em 24/48 horas com código de rastreio. · Todos os produtos são de alta qualidade e originais. · Ambiente seguro para pagamentos online."
agosto,PT (master Brasil),campanha - 31/07,3670:2205,1934,https://www.figma.com/design/hBrwHZnGuySRZvAEZFGUyD/?node-id=3670-2205,Pra fechar o mês com chave de ouro e destravar o presente do pai. · SEXTA-FEIRA · PREMIADA · Pra fechar o mês com chave de ouro e destravar o presente do pai. · PAI · CUPOM: · Aplique o cupom no checkout pra descobrir seu desconto. Válido até sábado às 23h59. · USAR MINHA CHAVE DE OURO · DESTRAVE COM A CHAVE: · Aplique o cupom PAI no checkout pra descobrir o desconto em cada um. · VER TODOS OS PRODUTOS · ENVIO EXPRESSO · PAGAMENTO SEGURO · QUALIDADE NOS PRODUTOS · Envio rápido em 24/48 horas com código de rastreio. · Todos os produtos são de alta qualidade e originais. · Ambiente seguro para pagamentos online.
agosto,PT (master Brasil),campanha - 03/08,3991:1960,2830,https://www.figma.com/design/hBrwHZnGuySRZvAEZFGUyD/?node-id=3991-1960,"ESQUENTA · 8 · Dia dos Pais · O presente que transforma a casa do pai já tá no site. E os favoritos não duram muito. · O presente que transforma a casa do pai já tá no site. Os favoritos não duram muito. · APROVEITAR O ESQUENTA · O Dia dos Pais tá logo ali · A AchaTudo preparou o maior esquenta 8.8 que o site já teve. Tem oferta ativa agora — aquelas peças que deixam qualquer ambiente do pai mais bonito e organizado, do jeito que ele merece. São itens que resolvem de verdade: design que impressiona, praticidade que ele vai usar todo dia. Garanta agora o que já tá disponível. No dia 8.8, vêm as ofertas relâmpago em três horários , e aí é cada um por si. · APROVEITAR AS OFERTAS ATIVAS · MARQUE ESSES HORÁRIOS · 07AM · OFERTAS · RELÂMPAGO · 11AM · LIBERADAS ÀS: · 18PM · Só no dia 8.8. Válido em todo o site, enquanto durar. · JÁ EM OFERTA NO ESQUENTA: · VER TODAS AS OFERTAS ATIVAS · ENVIO EXPRESSO · PAGAMENTO SEGURO · QUALIDADE NOS PRODUTOS · Envio rápido em 24/48 horas com código de rastreio. · Todos os produtos são de alta qualidade e originais. · Ambiente seguro para pagamentos online."
agosto,PT (master Brasil),campanha - 05/08,4002:2250,3399,https://www.figma.com/design/hBrwHZnGuySRZvAEZFGUyD/?node-id=4002-2250,"ESQUENTA · 8 · Dia dos Pais · FALTAM 3 DIAS O presente do pai já está no site. No 8.8, você só confirma. · QUERO ME PREPARAR · Faltam 3 dias pro 8.8 · Faltam quantos dias PARA O 8.8? · Faltam 3 DIAS para o 8.8 · É no dia 8.8 · Começa a partir das 7am · Um dia inteiro de ofertas · quem deixa pra última hora já sabe como termina: sem estoque, sem o presente certo, sem tempo. Agora é a hora de abrir o site, escolher com calma e deixar tudo separado. Quando o dia chegar, você só finaliza. Sem disputa, sem correria, sem arrependimento. E tem mais: o esquenta já está rolando. Já tem condição especial no site agora mesmo, nos itens que todo pai quer ter em casa. · Quem deixa pra última hora já sabe como termina: sem estoque, sem o presente certo, sem tempo. Agora é a hora de abrir o site, escolher com calma e deixar tudo separado. Quando o dia chegar, você só finaliza. Sem disputa, sem correria, sem arrependimento. E tem mais: o esquenta já está rolando. Já tem condição especial no site agora mesmo, nos itens que todo pai quer ter em casa. · APROVEITAR AGORA · COMO VAI FUNCIONAR O 8.8: · ABERTURA ANTECIPADA · 7AM · O site abre com estoque completo. Quem chega primeiro, escolhe melhor. · DESTAQUES · 11PM · Os produtos que mais saem ganham vitrine exclusiva. Ainda dá tempo de garantir. · ÚLTIMA CHAMADA · 18PM · O encerramento do 8.8. Depois disso, as condições saem do ar de vez. · Somente no dia 8.8. Condições válidas em todo o site. · QUERO ME PREPARAR · JÁ EM OFERTA NO ESQUENTA: · VER TODAS AS OFERTAS ATIVAS · ENVIO EXPRESSO · PAGAMENTO SEGURO · QUALIDADE NOS PRODUTOS · Envio rápido em 24/48 horas com código de rastreio. · Todos os produtos são de alta qualidade e originais. · Ambiente seguro para pagamentos online."
agosto,PT (master Brasil),campanha - 07/08,4002:2415,3250,https://www.figma.com/design/hBrwHZnGuySRZvAEZFGUyD/?node-id=4002-2415,"Quem chega antes · Anotou os horários: 07h, 11h e 18h? · Colocou o alarme às 6h55 pra entrar antes de todo mundo? · Já escolheu o que vai dar pro pai este ano? · Já passou no site pra ver o que tá em condição especial? · LEVA O MELHOR · ESQUENTA · 8 · Dia dos Pais · 7AM · 11AM · 18PM · PREPARAR MEU CARRINHO · Amanhã o 8.8 abre com tudo · Quem chegar primeiro escolhe melhor. Três horários, três levas de ofertas relâmpago: 07h, 11h e 18h. Aquele item de casa que o pai adora mas nunca compra pra ele mesmo? É amanhã que você resolve. Enquanto isso, o esquenta segue no ar. Tem peça no site agora mesmo com condição especial, pra quem já decidiu não deixar pra última hora. · VER O QUE JÁ TÁ NO AR · PRONTO PRA AMANHÃ? · Faltou algum? Ainda dá tempo. O esquenta tá rodando agora. · VER O QUE JÁ TÁ NO AR · JÁ EM OFERTA NO ESQUENTA: · VER TODAS AS OFERTAS ATIVAS · É AMANHÃ. · 8.8 · DIA DOS PAIS · Primeira leva começa às 07h → · ACESSAR O SITE · ENVIO EXPRESSO · PAGAMENTO SEGURO · QUALIDADE NOS PRODUTOS · Envio rápido em 24/48 horas com código de rastreio. · Todos os produtos são de alta qualidade e originais. · Ambiente seguro para pagamentos online."
agosto,PT (master Brasil),campanha - 08/08 #2,6150:397,2770,https://www.figma.com/design/hBrwHZnGuySRZvAEZFGUyD/?node-id=6150-397,"8 · Dia dos Pais · Os 100 primeiros garantem o presente pra pai com essa condição especial. · Use o cupom · para garantir · 0808 · 18%OFF em todo site · GARANTIR AGORA · Mas corre: essa oferta expira às 23h59. · OS MAIS ESCOLHIDOS DE HOJE: · VER TODOS OS PRODUTOS · AINDA NÃO SABE O QUE LEVAR? · O 18% OFF vale pra loja inteira. Escolha com calma, mas não demora, que os 100 primeiros desse horário saem na frente. · VER A LOJA INTEIRA · ENVIO EXPRESSO · PAGAMENTO SEGURO · QUALIDADE NOS PRODUTOS · Envio rápido em 24/48 horas com código de rastreio. · Todos os produtos são de alta qualidade e originais. · Ambiente seguro para pagamentos online."
agosto,PT (master Brasil),campanha - 08/08 #3,6153:647,3230,https://www.figma.com/design/hBrwHZnGuySRZvAEZFGUyD/?node-id=6153-647,"8 · Dia dos Pais · Rafa · Cara, corre no site da Acha Tudo. 18% OFF em tudo hoje com o cupom 0808. · Já garanti o presente pro pai. Metade das coisas que eu tava de olho já esgotou · Léo · Sério? ainda tem coisa boa? · Rafa · Tem sim! mas tá saindo rápido... e vai só até meia-noite. não deixa pra depois em · Léo · Tô indo agora!! · 18%OFF · 0808 · CUPOM: · GARANTIR O PRESENTE PARA O PAI · Só até meia-noite de hoje. · AINDA DÁ TEMPO DE GARANTIR ESSES: · VER TODOS OS PRODUTOS · É AGORA OU NUNCA · O 8.8 acaba à meia-noite. Últimas horas pra garantir o presente com 18% OFF. · 18%OFF · 0808 · CUPOM: · GARANTIR ANTES DA MEIA-NOITE · ENVIO EXPRESSO · PAGAMENTO SEGURO · QUALIDADE NOS PRODUTOS · Envio rápido em 24/48 horas com código de rastreio. · Todos os produtos são de alta qualidade e originais. · Ambiente seguro para pagamentos online."
agosto,PT (master Brasil),campanha - 11/08,6155:868,1863,https://www.figma.com/design/hBrwHZnGuySRZvAEZFGUyD/?node-id=6155-868,"Ainda dá TEMPO · ACHA TUDO: · Agora · Os itens que transformaram lares no 8.8 continuam no site, mas com poucas unidades no estoque. · QUERO APROVEITAR AGORA · OS MAIS ESCOLHIDOS DO 8.8 · VER TUDO QUE SOBROU · ENVIO EXPRESSO · PAGAMENTO SEGURO · QUALIDADE NOS PRODUTOS · Envio rápido em 24/48 horas com código de rastreio. · Todos os produtos são de alta qualidade e originais. · Ambiente seguro para pagamentos online."
agosto,PT (master Brasil),campanha - 14/08,6488:111,2579,https://www.figma.com/design/hBrwHZnGuySRZvAEZFGUyD/?node-id=6488-111,O FIM DE SEMANA COMEÇA AGORA · SEXTOU · Nesta sexta vale dar uma passada no site. Separamos o que está em destaque pro seu fim de semana. · CONFERIR O SITE AGORA · ALGUNS DESTAQUES DO QUE esTÁ NO SITE · VER TODO O SITE · Bom fim de semana · APROVEITAR O SITE · A gente volta na segunda com uma surpresa. · ENVIO EXPRESSO · PAGAMENTO SEGURO · QUALIDADE NOS PRODUTOS · Envio rápido em 24/48 horas com código de rastreio. · Todos os produtos são de alta qualidade e originais. · Ambiente seguro para pagamentos online.
agosto,PT (master Brasil),campanha - 17/08,6491:253,2635,https://www.figma.com/design/hBrwHZnGuySRZvAEZFGUyD/?node-id=6491-253,SEGUNDA TURBO | APENAS PARA OS · 100 PRIMEIROS · Aplique o código no checkout pra revelar sua oferta. Ninguém sabe quanto vale até digitar. Válido até meia-noite de hoje. · TURBO100 · CUPOM: · DESCOBRIR AGORA · $ · % · ? · APENAS OS MAIS RÁPIDOS GANHAM · Digite o cupom TURBO100 e descubra a surpresa no checkout. · REVELAR MINHA SURPRESA · ENVIO EXPRESSO · PAGAMENTO SEGURO · QUALIDADE NOS PRODUTOS · Envio rápido em 24/48 horas com código de rastreio. · Todos os produtos são de alta qualidade e originais. · Ambiente seguro para pagamentos online.
agosto,PT (master Brasil),campanha - 19/08,6495:434,2803,https://www.figma.com/design/hBrwHZnGuySRZvAEZFGUyD/?node-id=6495-434,"AS MELHORES FOTOS NÃO SÃO AS NOSSAS... · Hoje é Dia Mundial da Fotografia, e o álbum é de vocês. Reunimos os registros que mais nos orgulhamos de receber. Cantinhos transformados, cômodos organizados, rotinas que ficaram mais leves. · VER OS PRODUTOS NO SITE · CLICADOS POR VOCÊS · RECÉM-CHEGADO · EM USO · COMPRAR · NO DIA A DIA · JÁ É FAVORITO · COMPRAR · Feliz Dia Mundial da Fotografia. · Sua foto ainda não está aqui porque falta escolher o seu. · GARANTIR O MEU · ENVIO EXPRESSO · PAGAMENTO SEGURO · QUALIDADE NOS PRODUTOS · Envio rápido em 24/48 horas com código de rastreio. · Todos os produtos são de alta qualidade e originais. · Ambiente seguro para pagamentos online."
agosto,PT (master Brasil),campanha - 21/08,6851:111,3121,https://www.figma.com/design/hBrwHZnGuySRZvAEZFGUyD/?node-id=6851-111,"Tantas opçÕES... · Nenhuma escolha ERRADA · Ainda decidindo o que vai renovar primeiro? Relaxa, cada peça dessa seleção já transforma o ambiente. · QUERO ESCOLHER AGORA · Suas escolhas certas · VER TODOS OS PRODUTOS · Já passaram pela mesma dúvida · 5/5 · ""Fiquei dias entre o kit de organização da cozinha e o do banheiro. Levei os dois e foi a melhor decisão, cada cantinho ficou outro. Devia ter comprado antes."" · Camila R. · 5/5 · ""Fiquei dias entre o kit de organização da cozinha e o do banheiro. Levei os dois e foi a melhor decisão, cada cantinho ficou outro. Devia ter comprado antes."" · Rafael M. · Eles também não sabiam qual escolher... · AGORA É A SUA VEZ · ESCOLHER O MEU · Bom fim de semana! Na segunda começa uma semana diferente... · ENVIO EXPRESSO · PAGAMENTO SEGURO · QUALIDADE NOS PRODUTOS · Envio rápido em 24/48 horas com código de rastreio. · Todos os produtos são de alta qualidade e originais. · Ambiente seguro para pagamentos online."
agosto,PT (master Brasil),campanha - 24/08,6858:358,3210,https://www.figma.com/design/hBrwHZnGuySRZvAEZFGUyD/?node-id=6858-358,"15% OFF · PREÇO CHEIO · OFF · ON · Algumas semanas pedem uma condição melhor. Essa é uma delas. · SEMANA15 · CUPOM: · Válido até sexta, 23h59. · ATIVAR MEUS 15% · Desconto não muda o que você queria comprar · Muda o momento de comprar. Aquilo que você deixou pra depois custa 15% menos até sexta. Depois volta ao normal. · APROVEITAR AGORA · OS FÁCEIS DE ESCOLHER · VER TODO O SITE COM 15% · ON · Fica ligado até sexta. Depois volta ao normal. · SEMANA15 · CUPOM: · Válido até sexta, 23h59. · APROVEITAR A SEMANA · ENVIO EXPRESSO · PAGAMENTO SEGURO · QUALIDADE NOS PRODUTOS · Envio rápido em 24/48 horas com código de rastreio. · Todos os produtos são de alta qualidade e originais. · Ambiente seguro para pagamentos online."
agosto,PT (master Brasil),campanha - 26/08,7040:139,1964,https://www.figma.com/design/hBrwHZnGuySRZvAEZFGUyD/?node-id=7040-139,"“SE VALER A PENA” · “TÔ SEM PRESSA” · EM TODO SITE · 15% MENOS ATÉ SEXTA · “DEPENDE DO PREÇO” · “NÃO SEI QUAL” · “TÁ CARO” · ACHE O SEU PONTO DE PARTIDA · O QUE AINDA TE SEGURA? · E SE RESOLVESSE HOJE? · 15%OFF · EM TODO SITE · Não importa por onde você veio. Todas levam a um só caminho. · SEMANA15 · CUPOM: · Válido até sexta, 23h59. · USAR MEU CUPOM · ENVIO EXPRESSO · PAGAMENTO SEGURO · QUALIDADE NOS PRODUTOS · Envio rápido em 24/48 horas com código de rastreio. · Todos os produtos são de alta qualidade e originais. · Ambiente seguro para pagamentos online. · 15% OFF"
agosto,PT (master Brasil),Campanha - 28/08,7042:113,2116,https://www.figma.com/design/hBrwHZnGuySRZvAEZFGUyD/?node-id=7042-113,"Cupom: SEMANA15 · Essenciais pro lar · Resumo do Pedido · Total · preço cheio · Melhor decisão do dia ✓ · ao todo -15% · Notificação do Futuro · ✦ · Design que organiza · Seu pedido vai estar a caminho. ✓ · Viemos do futuro (não tão distante) avisar que você não deixou essa oferta passar. É o último dia do seu cupom de 15% OFF e você não podia deixar a casa esperando. · O seu eu de amanhã agradece: ║ Essenciais pro lar, com 15% a menos. · APROVEITAR DESCONTO · Válido até sexta, 23h59. · ÚLTIMAS HORAS PRA APROVEITAR · VER TODOS OS PRODUTOS · ENVIO EXPRESSO · PAGAMENTO SEGURO · QUALIDADE NOS PRODUTOS · Envio rápido em 24/48 horas com código de rastreio. · Todos os produtos são de alta qualidade e originais. · Ambiente seguro para pagamentos online."
agosto,PT (master Brasil),campanha - 31/08,7041:423,3012,https://www.figma.com/design/hBrwHZnGuySRZvAEZFGUyD/?node-id=7041-423,"AGOSTO · FECHA HOJE · As condições em casa e decoração que rodaram o mês inteiro saem do ar à meia-noite. Não precisa de cupom, estão ativas no site até 23h59. · APROVEITAR ENQUANTO DÁ · AGOSTO FECHANDO · 31 · Os preços de agosto valem até 23h59. Depois voltam ao normal. · Sem cupom. Cada item já está com o preço de agosto. · Setembro começa com outros preços. Esse preço fica erm agosto. · O que você separou ainda está lá. Por algumas horas. · HOJE AINDA É AGOSTO. AMANHÃ NÃO. · Esses são só alguns. O site inteiro ainda está com preço de agosto. · VER TUDO ANTES DA VIRADA · ENVIO EXPRESSO · PAGAMENTO SEGURO · QUALIDADE NOS PRODUTOS · Envio rápido em 24/48 horas com código de rastreio. · Todos os produtos são de alta qualidade e originais. · Ambiente seguro para pagamentos online."
agosto,EN Blue Wolf,campaign - 07/29,3728:18345,3960,https://www.figma.com/design/hBrwHZnGuySRZvAEZFGUyD/?node-id=3728-18345,"6,747 REVIEWS · DON'T LIE... · Real reviews on the end-of-summer favorites. Straight from those who wear them daily. · SEE THE GIFTS · SEE WHAT THEY'RE · SAYING · S · Sarah M. · ""Ordered on a Sunday night and had tracking within hours. Every step was updated — no guessing, no wondering. The package arrived two days early, wrapped in that clean minimal packaging that already feels premium before you even open it. Pulled out the linen blend tee and the fabric weight told me everything. This is how online shopping should feel."" · SHOP NOW · J · James R. · ""I've been wearing the structured overshirt almost every day for six weeks now. No pilling, no loose threads, no fading — nothing. The stitching along the collar and cuffs is the kind of detail you notice up close and appreciate more over time. Feels like pieces that cost three times the price. Already planning my next order around it."" · SHOP NOW · E · Emma L. · ""Third order with Wolf Blue and the reason I keep coming back is the support team. Had a sizing question before checkout — messaged them and got a detailed, honest answer within minutes. Not a script, an actual recommendation based on the cut. That kind of care turns a first purchase into a habit. Every interaction has been seamless from click to closet."" · SHOP NOW · VIEW THE FULL STORE · ENVIO EXPRESSO · SECURE PAYMENT · PRODUCT QUALITY · Envio rápido em 24/48 horas com código de rastreio. · All products are high quality and original. · Secure environment for online payments."
agosto,EN Blue Wolf,campaign - 07/31,3728:18218,1934,https://www.figma.com/design/hBrwHZnGuySRZvAEZFGUyD/?node-id=3728-18218,To close the month with a golden key and unlock dad's gift. · FRIDAY · REWARDS · End the month on a high note before summer is over. · SUMMER · COUPON: · Apply the coupon at checkout to discover your discount. Valid until Saturday at 11:59 PM. · USE MY GOLDEN KEY · UNLOCK WITH THE KEY: · Apply the code SUMMER at checkout to reveal the discount on each item. · VIEW ALL PRODUCTS · ENVIO EXPRESSO · SECURE PAYMENT · PRODUCT QUALITY · Envio rápido em 24/48 horas com código de rastreio. · All products are high quality and original. · Secure environment for online payments.
agosto,EN Blue Wolf,campanha - 03/08,6014:1805,2830,https://www.figma.com/design/hBrwHZnGuySRZvAEZFGUyD/?node-id=6014-1805,"WARM UP · 8 · END OF SUMMER · O presente que transforma a casa do pai já tá no site. E os favoritos não duram muito. · Start claiming your summer favorites now, before the best ones are gone. · SHOP THE WARM-UP · Every summer ends the same way: · The season winds down, you finally reach for that piece and it's already sold out. Not this year. The warm-up is live — active deals on the essentials that move fastest. And on 8.8, flash deals unlock at three set times. Shop now. Come back on 8.8. Stay ahead on both. · SHOP ACTIVE DEALS · MARK THESE TIMES · FlASH · 07AM · DROPS · 11AM · UNLOCKED AT: · 18PM · Only on 8.8. Valid sitewide. · ALREADY LIVE IN THE WARM-UP: · SEE ALL ACTIVE DEALS · ENVIO EXPRESSO · SECURE PAYMENT · PRODUCT QUALITY · Envio rápido em 24/48 horas com código de rastreio. · All products are high quality and original. · Secure environment for online payments."
agosto,EN Blue Wolf,campanha - 05/08,6014:1956,3399,https://www.figma.com/design/hBrwHZnGuySRZvAEZFGUyD/?node-id=6014-1956,"WARM UP · 8 · END OF SUMMER · 3 DAYS LEFT Bookmark your summer favorites now. On 8.8, just check out. · I WANT TO GET READY · How many days left UNTIL 8.8? · 3 DAYS left until 8.8 · It's on 8.8 · Starts from 7am · A full day of deals · 3 days until 8.8 — and the biggest end-of-summer moment already has a schedule. Start curating your picks today. When the flash deals go live, you won't need to rush. You'll just confirm what's already waiting. The warm-up is still running: selected summer essentials are live on site right now, and the best sellers are moving fast. · APROVEITAR AGORA · SHOP THE WARM-UP · HOW 8.8 WILL WORK: · EARLY ACCESS · 7AM · The site opens with full stock. First come, first served. · HIGHLIGHTS · 11PM · The best-selling products get an exclusive showcase. There's still time to grab yours. · LAST CALL · 18PM · The end of 8.8. After that, the deals go offline for good. · Only on 8.8. Deals valid sitewide. · I WANT TO GET READY · ALREADY ON SALE IN THE WARM-UP: · SEE ALL ACTIVE DEALS · ENVIO EXPRESSO · SECURE PAYMENT · PRODUCT QUALITY · Envio rápido em 24/48 horas com código de rastreio. · All products are high quality and original. · Secure environment for online payments."
agosto,EN Blue Wolf,campanha - 07/08,6014:2127,3250,https://www.figma.com/design/hBrwHZnGuySRZvAEZFGUyD/?node-id=6014-2127,"First come · Already picked what you're buying? · Checked the site for special deals yet? · Noted the times: 7AM, 11AM, and 6PM? · Set your alarm for 6:55AM to get in before everyone? · FIRST SERVED · It's tomorrow · 8 · END OF SUMMER · 7AM · 11AM · 18PM · GET EVERYTHING READY · Tomorrow is the day · The 8.8 End of Summer arrives — and with it, flash drops at three precise moments: 7AM, 11AM, and 6PM. Today is your last window to walk in prepared. Pull up your favourites now — tomorrow, when the window opens, you simply move. And the warm-up is still live: there are pieces on site right now, for anyone who'd rather not wait another day. · SEE WHAT'S ALREADY LIVE · READY FOR TOMORROW? · Missed something? There's still time. The warm-up is running now. · SEE WHAT'S ALREADY LIVE · ALREADY ON SALE IN THE WARM-UP: · SEE ALL ACTIVE DEALS · IT'S TOMORROW. · 8.8 · END OF SUMMER · First batch starts at 7AM → · GO TO WEBSITE · ENVIO EXPRESSO · SECURE PAYMENT · PRODUCT QUALITY · Envio rápido em 24/48 horas com código de rastreio. · All products are high quality and original. · Secure environment for online payments."
agosto,EN Blue Wolf,campanha - 08/08 #2,6208:111,2770,https://www.figma.com/design/hBrwHZnGuySRZvAEZFGUyD/?node-id=6208-111,"END OF SUMMER · The first 100 get their summer favorites with this special deal. · Use the coupon · to secure yours · 0808 · 18% OFF sitewide · SHOP NOW · But hurry: this offer expires at 11:59 PM. · TODAY'S TOP PICKS: · VIEW ALL PRODUCTS · STILL NOT SURE WHAT TO GET? · The 18% OFF applies to the entire store. Take your time choosing, but don't wait too long — the first 100 at this time slot get priority. · BROWSE THE ENTIRE STORE · ENVIO EXPRESSO · SECURE PAYMENT · PRODUCT QUALITY · Envio rápido em 24/48 horas com código de rastreio. · All products are high quality and original. · Secure environment for online payments."
agosto,EN Blue Wolf,campanha - 08/08 #3,6208:264,3230,https://www.figma.com/design/hBrwHZnGuySRZvAEZFGUyD/?node-id=6208-264,END OF SUMMER · Thomas K. · Check the site.. 18% OFF on everything today with coupon 0808. · Already got mine. Half the stuff I had my eye on is already sold out · James R. · Really? Is there still good stuff? · Thomas K. · They do! But it's going fast... and only until midnight. Don't leave it for later · James R. · I'm going now!! · 18%OFF · 0808 · COUPON: · GET DAD'S GIFT NOW · SHOP NOW · Only until midnight tonight. · THERE'S STILL TIME TO GRAB THESE: · VIEW ALL PRODUCTS · NOW OR NEVER · The 8.8 sale ends at midnight. Last hours to grab the gift with 18% OFF. · 18%OFF · 0808 · COUPON: · GET IT BEFORE MIDNIGHT · ENVIO EXPRESSO · SECURE PAYMENT · PRODUCT QUALITY · Envio rápido em 24/48 horas com código de rastreio. · All products are high quality and original. · Secure environment for online payments.
agosto,EN Blue Wolf,campanha - 11/11,6208:439,1863,https://www.figma.com/design/hBrwHZnGuySRZvAEZFGUyD/?node-id=6208-439,Still available · BLUE WOLF: · Now · The pieces your capsule wardrobe was missing still live on site — but only a handful left in stock. · SHOP BEFORE THEY'RE GONE · THE MOST CHOSEN FROM 8.8 · SEE WHAT'S STILL HERE · ENVIO EXPRESSO · SECURE PAYMENT · PRODUCT QUALITY · Envio rápido em 24/48 horas com código de rastreio. · All products are high quality and original. · Secure environment for online payments.
agosto,EN Blue Wolf,campanha - 14/08,6555:2980,2579,https://www.figma.com/design/hBrwHZnGuySRZvAEZFGUyD/?node-id=6555-2980,THE WEEKEND STARTS NOW · friyay · This Friday is worth checking out the site. We've picked what's trending for your weekend. · CHECK THE SITE NOW · SOME HIGHLIGHTS OF WHAT'S ON THE SITE · VIEW FULL SITE · Have a great weekend · BROWSE THE SITE · We'll be back on Monday with a surprise. · ENVIO EXPRESSO · SECURE PAYMENT · PRODUCT QUALITY · Envio rápido em 24/48 horas com código de rastreio. · All products are high quality and original. · Secure environment for online payments.
agosto,EN Blue Wolf,campanha - 17/08,6555:3221,2635,https://www.figma.com/design/hBrwHZnGuySRZvAEZFGUyD/?node-id=6555-3221,TURBO MONDAY | ONLY FOR THE · FIRST 100 · Apply the code at checkout to reveal your offer. No one knows how much it's worth until they enter it. Valid until midnight today. · TURBO100 · COUPON: · DISCOVER NOW · $ · % · ? · ONLY THE FASTEST WIN · Enter the coupon TURBO100 and discover the surprise at checkout. · REVEAL MY SURPRISE · ENVIO EXPRESSO · SECURE PAYMENT · PRODUCT QUALITY · Envio rápido em 24/48 horas com código de rastreio. · All products are high quality and original. · Secure environment for online payments.
agosto,EN Blue Wolf,campanha - 19/08,6555:3110,2803,https://www.figma.com/design/hBrwHZnGuySRZvAEZFGUyD/?node-id=6555-3110,"THE BEST PHOTOS AREN'T OURS... · Today is World Photography Day, and the album belongs to you. We gathered some of the shots we love receiving most quiet moments, honest light, real style. · VIEW PRODUCTS ON THE SITE · CAPTURED BY YOU · JUST ARRIVED · FIRST WEAR · SHOP NOW · EVERYDAY UNIFORM · ALREADY A FAVOURITE · SHOP NOW · Happy World Photography Day. · Your photo isn't here yet because you still need to pick yours. · GET MINE · ENVIO EXPRESSO · SECURE PAYMENT · PRODUCT QUALITY · Envio rápido em 24/48 horas com código de rastreio. · All products are high quality and original. · Secure environment for online payments."
agosto,EN Blue Wolf,campanha - 21/08,6876:4936,3121,https://www.figma.com/design/hBrwHZnGuySRZvAEZFGUyD/?node-id=6876-4936,"So many OPTIONS... · No WRONG choice · Still deciding which one to go with? With a lineup like this, every pick is a good pick. · I WANT TO CHOOSE NOW · Your right choices · VIEW ALL PRODUCTS · They had the same doubt · 5/5 · ""I kept going back and forth between two pieces for a week. Finally just picked one, and honestly, I should have done it sooner. The quality is exactly what the photos promise."" · James R. · 5/5 · ""Wasn't sure about ordering online for something like this, but the fabric and the fit genuinely surprised me. Arrived faster than expected too. Already came back for a second order."" · Daniel M. · They also didn't know which one to choose... · NOW IT'S YOUR TURN · CHOOSE MINE · Have a great weekend! On Monday a different week begins... · ENVIO EXPRESSO · SECURE PAYMENT · PRODUCT QUALITY · Envio rápido em 24/48 horas com código de rastreio. · All products are high quality and original. · Secure environment for online payments."
agosto,EN Blue Wolf,campanha - 24/08,6876:5139,3210,https://www.figma.com/design/hBrwHZnGuySRZvAEZFGUyD/?node-id=6876-5139,"15% OFF · FULL PRICE · OFF · ON · Some weeks call for a better deal. This is one of them. · WE EK15 · COUPON: · Valid until Friday, 11:59 PM. · ACTIVATE MY 15% · The discount doesn't change what you wanted to buy · It changes the moment to buy. What you put off until later costs 15% less until Friday. After that, it goes back to normal. · SHOP NOW · THE EASY PICKS · VIEW ENTIRE SITE WITH 15% OFF · 15% OFF · ON · Stay tuned until Friday. After that, it goes back to normal. · WE EK15 · COUPON: · Valid until Friday, 11:59 PM. · ENJOY THE WEEK · ENVIO EXPRESSO · SECURE PAYMENT · PRODUCT QUALITY · Envio rápido em 24/48 horas com código de rastreio. · All products are high quality and original. · Secure environment for online payments."
agosto,EN Blue Wolf,campanha - 26/08,7080:111,1964,https://www.figma.com/design/hBrwHZnGuySRZvAEZFGUyD/?node-id=7080-111,"“I DON'T KNOW WHICH” · “IF IT'S WORTH IT” · “I'M IN NO RUSH” · SITEWIDE · 15% OFF UNTIL FRIDAY · “DEPENDS ON THE PRICE” · “IT'S EXPENSIVE” · FIND YOUR STARTING POINT · WHAT'S STILL HOLDING YOU BACK? · WHAT IF YOU DECIDED TODAY? · 15%OFF · SITEWIDE · No matter where you came from. They all lead to the same path. · WEEK15 · COUPON: · Valid until Friday, 11:59 PM. · USE MY COUPON · ENVIO EXPRESSO · SECURE PAYMENT · PRODUCT QUALITY · Envio rápido em 24/48 horas com código de rastreio. · All products are high quality and original. · Secure environment for online payments. · 15% OFF"
agosto,EN Blue Wolf,Campanha - 28/08,7080:358,2128,https://www.figma.com/design/hBrwHZnGuySRZvAEZFGUyD/?node-id=7080-358,"Coupon: WEEK15 · Minimal essentials · Order Summary · Total · full price · Best decision of the day ✓ · total -15% · Notification from the Future · ✦ · Minimal essentials · Your order will be on its way. ✓ · We came from the future (not that far) to let you know — you didn't let this one slip. It's the last day of your 15% OFF coupon and you couldn't leave your wardrobe waiting. · Your future self says thanks: ║ Minimal essentials, 15% less. · GET THE DISCOUNT · Valid until Friday, 11:59 PM. · LAST HOURS TO TAKE ADVANTAGE · SEE ALL PRODUCTS · ENVIO EXPRESSO · SECURE PAYMENT · PRODUCT QUALITY · Envio rápido em 24/48 horas com código de rastreio. · All products are high quality and original. · Secure environment for online payments."
agosto,EN Blue Wolf,campanha - 31/08,7080:231,3012,https://www.figma.com/design/hBrwHZnGuySRZvAEZFGUyD/?node-id=7080-231,AUGUST · ENDS TODAY · The prices on essentials that ran all month long end at midnight. No code needed — everything is already marked on site until 11:59 PM. · GET IT WHILE YOU CAN · AUGUST CLOSING · 31 · August prices are valid until 11:59 PM. Then they go back to normal. · No coupon needed. Each item already has the August price. · September starts with different prices. This price stays in August. · The capsule you built is still there. For a few more hours. · TODAY IS STILL AUGUST. TOMORROW ISN'T. · These are just a few. The entire site still has August prices. · SEE EVERYTHING BEFORE IT'S GONE · ENVIO EXPRESSO · SECURE PAYMENT · PRODUCT QUALITY · Envio rápido em 24/48 horas com código de rastreio. · All products are high quality and original. · Secure environment for online payments.
setembro,PT (master Brasil),campanha - 31/08,7041:423,3012,https://www.figma.com/design/fhSNExXUuZa6qpSNZZ7kCT/?node-id=7041-423,"AGOSTO · FECHA HOJE · As condições em casa e decoração que rodaram o mês inteiro saem do ar à meia-noite. Não precisa de cupom, estão ativas no site até 23h59. · APROVEITAR ENQUANTO DÁ · AGOSTO FECHANDO · 31 · Os preços de agosto valem até 23h59. Depois voltam ao normal. · Sem cupom. Cada item já está com o preço de agosto. · Setembro começa com outros preços. Esse preço fica erm agosto. · O que você separou ainda está lá. Por algumas horas. · HOJE AINDA É AGOSTO. AMANHÃ NÃO. · Esses são só alguns. O site inteiro ainda está com preço de agosto. · VER TUDO ANTES DA VIRADA · ENVIO EXPRESSO · PAGAMENTO SEGURO · QUALIDADE NOS PRODUTOS · Envio rápido em 24/48 horas com código de rastreio. · Todos os produtos são de alta qualidade e originais. · Ambiente seguro para pagamentos online."
setembro,PT (master Brasil),campanha - 05/09,9008:22,2661,https://www.figma.com/design/fhSNExXUuZa6qpSNZZ7kCT/?node-id=9008-22,"ESTÁ CHEGANDO · DO CLIENTE · TRÊS HORÁRIOS EM UM DIA · 07h · 11h · 18h · A maior vantagem que a ACHA TUDO STORE já colocou no ar. O que vem em cada horário você ainda vai descobrir. Clique abaixo, entre no site e comece a se preparar pra esse grande dia. · QUERO ME PREPARAR · JÁ EM OFERTA NO ESQUENTA · VER TODOS OS PRODUTOS · ENVIO EXPRESSO · PAGAMENTO SEGURO · QUALIDADE NOS PRODUTOS · Envio rápido em 24/48 horas com código de rastreio. · Todos os produtos são de alta qualidade e originais. · Ambiente seguro para pagamentos online."
setembro,PT (master Brasil),campanha - 07/09,9018:25,2807,https://www.figma.com/design/fhSNExXUuZa6qpSNZZ7kCT/?node-id=9018-25,"Para comemorar a liberdade, cupom liberado. Aplique no checkout pra descobrir quanto de desconto ele vale. Em todo o site, até meia-noite. · CUPOM: · LIBERDADE · DESCOBRIR AGORA · ESCOLHA LIVRE O CUPOM VALE EM TUDO · O cupom vale em qualquer produto do site. Clique abaixo e aplique no checkout. · VER TODO O CATÁLOGO · ESTÁ CHEGANDO O · DO CLIENTE · 07h · 11h · 18h · Acesso antecipado · Abertura geral · Última chamada · Às 07h é abertura exclusiva pra quem faz parte da nossa lista. E se você abriu esse e-mail, chegou até aqui e está lendo, automaticamente você faz parte. · QUERO ME PREPARAR · ENVIO EXPRESSO · PAGAMENTO SEGURO · QUALIDADE NOS PRODUTOS · Envio rápido em 24/48 horas com código de rastreio. · Todos os produtos são de alta qualidade e originais. · Ambiente seguro para pagamentos online."
setembro,PT (master Brasil),campanha - 08/09,9022:391,3767,https://www.figma.com/design/fhSNExXUuZa6qpSNZZ7kCT/?node-id=9022-391,"É AMANHÃ! · DO CLIENTE · A MELHOR OFERTA DA TEMPORADA · NOS SEGUINTES HORÁRIOS: · QUERO PREPARAR MEU CARRINHO · Amanhã é o dia · A partir das 07h, tudo que está no site entra na melhor oferta já fizemos. O que vai fazer diferença não é a velocidade, é chegar sabendo o que você quer. Quem entra às 07h com o carrinho já montado sai na frente. Hoje é o dia de escolher. Amanhã é o dia de fechar. · COMEÇAR A ESCOLHER · AINDA COM DÚVIDA? · 1 · PRECISA DE CADASTRO ESPECIAL? · Não. Quem está lendo isso já faz parte da nossa lista exclusiva. · 2 · POR QUE 9.9 DO CLIENTE? · Setembro é o mês do cliente, e o dia 9 é quando preparamos algo especial pra clientes especiais como você. · 3 · E SE EU NÃO CONSEGUIR ÀS 07H? · Tem 11h e 18h, mas o estoque de alguns produtos pode ter acabado. · 4 · VAI TER PRORROGAÇÃO? · Não. O 9.9 do Cliente acaba à meia-noite. · O QUE ENTRA NA OFERTA DE AMANHÃ · Esses são só alguns. Amanhã o site inteiro entra na oferta. · VER TODOS OS PRODUTOS · HOJE · AMANHÃ · 08/09 · 09/09 · FALTA 1 DIA · DO CLIENTE · Amanhã às 07h o site abre pra você. · VER TODO O CATÁLOGO · ENVIO EXPRESSO · PAGAMENTO SEGURO · QUALIDADE NOS PRODUTOS · Envio rápido em 24/48 horas com código de rastreio. · Todos os produtos são de alta qualidade e originais. · Ambiente seguro para pagamentos online."
setembro,PT (master Brasil),campanha - 09/09 #2,9213:25,4136,https://www.figma.com/design/fhSNExXUuZa6qpSNZZ7kCT/?node-id=9213-25,"07:00 · 09:00 · 11:00 · 21:00 · 23:00 · 12:00 · 18:00 · 00:00 · 15:00 · 10 · 12 · 2 · 3 · 4 · 5 · 6 · 9 · 7 · 1 · Aquele respiro da tarde · Cupom nos últimos minutos · Portas abertas, o dia começou · Os mais buscados estão sumindo · Primeiros pedidos já confirmados · Encerrado. Valores regulares de volta · Pausa pro almoço, não pro cupom · Última chamada com estoque cheio · 19% OFF no ar pra todos! · 07h · 11h · 18h · Data: · 09/09/2026 · 8 · DO CLIENTE · Cada hora do seu dia com a casa renovada · 19%OFF · 0909 · CUPOM: · O 9.9 está no ar. Do primeiro café até a última luz apagada. · QUERO APROVEITAR AGORA · A condição vale o dia inteiro, mas o estoque não espera. · QUERO GARANTIR AGORA · EM OFERTA AGORA · O cupom 0909 vale no site inteiro. Clique abaixo e veja o resto. · VER TODOS OS PRODUTOS · 9.9 DO CLIENTE · Foi pensado para quem quer renovar a casa sem esperar o fim do ano. A condição vale o dia inteiro, em todo o site. O que muda com o passar das horas não é o percentual, é o que ainda vai estar disponível no catálogo. Se tem aquele organizador, aquela luminária ou o kit que você vem namorando, esse é o momento. Enquanto ainda está no estoque. Use 0909 no checkout. Válido até meia-noite. · COMEÇAR A ESCOLHER · ENVIO EXPRESSO · PAGAMENTO SEGURO · QUALIDADE NOS PRODUTOS · Envio rápido em 24/48 horas com código de rastreio. · Todos os produtos são de alta qualidade e originais. · Ambiente seguro para pagamentos online."
setembro,PT (master Brasil),campanha - 09/09 #3,9215:344,2469,https://www.figma.com/design/fhSNExXUuZa6qpSNZZ7kCT/?node-id=9215-344,"Notícia de última hora · QUARTA, 9 DE SETEMBRO 2026 · 6H ATÉ O FIM · DO 9.9 DO CLIENTE · A campanha encerra hoje às 23h59. 19%OFF em todo o site com o cupom 0909 no checkout. · 0909 · CUPOM: · COMPRAR AGORA · OS DESTAQUES DA MANCHETE: · Aplique o cupom 0909 no checkout pra ver o preço final com 19% a menos. · VER TODAS AS OFERTAS · ENVIO EXPRESSO · PAGAMENTO SEGURO · QUALIDADE NOS PRODUTOS · Envio rápido em 24/48 horas com código de rastreio. · Todos os produtos são de alta qualidade. · Ambiente seguro para pagamentos online."
setembro,PT (master Brasil),campanha - 11/09,9223:740,1735,https://www.figma.com/design/fhSNExXUuZa6qpSNZZ7kCT/?node-id=9223-740,inventory-status · alert-date-title · ! · OFERTAS ATIVAS · SEM CUPOM NECESSÁRIO · button-label · demand-warning · platform-unavailability · APROVEITE AS ÚLTIMAS UNIDADES · Preços promocionais ativos enquanto durar o estoque. Clique abaixo e veja o resto. · VER TODAS AS OFERTAS · ENVIO EXPRESSO · PAGAMENTO SEGURO · QUALIDADE NOS PRODUTOS · Envio rápido em 24/48 horas com código de rastreio. · Todos os produtos são de alta qualidade. · Ambiente seguro para pagamentos online.
setembro,PT (master Brasil),campanha - 14/09,9438:25,1081,https://www.figma.com/design/fhSNExXUuZa6qpSNZZ7kCT/?node-id=9438-25,headline-line1 · highlighted-text · headline-line3-end · badge-text · row-val-1 · row-val-2 · row-val-3 · row-label-2 · row-label-3 · row-label-1 · headline-line2 · subtitle · QUERO ME PREPARAR · footer-disclaimer · ENVIO EXPRESSO · PAGAMENTO SEGURO · QUALIDADE NOS PRODUTOS · Envio rápido em 24/48 horas com código de rastreio. · Todos os produtos são de alta qualidade. · Ambiente seguro para pagamentos online.
setembro,PT (master Brasil),campanha - 15/09 #2,9438:147,3176,https://www.figma.com/design/fhSNExXUuZa6qpSNZZ7kCT/?node-id=9438-147,"TESTE RÁPIDO DE VISÃO · Olhe o cupom abaixo. Que cor você está vendo? · DIA DO · CLIENTE · = Sua visão está ótima · = Você precisa de um teste · = Seu cupom está liberado · 17%OFF · CLIENTE · CUPOM: · QUERO APROVEITAR AGORA · Tá bom, você acertou... Isso nunca foi um teste de visão, foi um jeito de te contar que hoje é Dia do Cliente na Acha Tudo Store. O cupom que você viu ali em cima vale 17% OFF em todo o site, e só foi enviado por e-mail. Não está no site, não está nas redes. · CLIENTE · PASSEI NO TESTE · OS FAVORITOS DE HOJE · O cupom vale em todo o site. Clique abaixo e veja o resto. · CLIENTE · VER TODO O CATÁLOGO · O QUE A GENTE PROMETE · Esse cupom não vai pro site e não vai pras redes sociais, é exclusivo do e-mail. Ele existe hoje, pra quem está nessa lista, até meia-noite. · APROVEITAR ANTES DAS 00h · ENVIO EXPRESSO · PAGAMENTO SEGURO · QUALIDADE NOS PRODUTOS · Envio rápido em 24/48 horas com código de rastreio. · Todos os produtos são de alta qualidade. · Ambiente seguro para pagamentos online."
setembro,PT (master Brasil),campanha - 15/09 #3,9445:399,3553,https://www.figma.com/design/fhSNExXUuZa6qpSNZZ7kCT/?node-id=9445-399,"QuestionNumber · headline-line1 · QuestionText · OptionText · badge-text · Três perguntas rápidas antes do dia acabar. Todas sobre uma oferta que ai do ar à meia-noite. · APROVEITAR O DIA DO CLIENTE · CLIENTE · ACERTOU AS TRÊS? SEU PRÊMIO É ESSE: · 17%OFF · CLIENTE · CUPOM: · APROVEITAR CUPOM · APROVEITA QUE AINDA DÁ TEMPO · O cupom vale no site inteiro. Clique abaixo e veja o resto. · CLIENTE · VER TODO O CATÁLOGO · COMO VOCÊ FOI? · Acertando ou não, o resultado é o mesmo: 17% OFF em todo o site até meia-noite. Depois disso os preços voltam ao normal, e o Dia do Cliente só volta em setembro do ano que vem. · APROVEITAR ANTES DAS 00h · ENVIO EXPRESSO · PAGAMENTO SEGURO · QUALIDADE NOS PRODUTOS · Envio rápido em 24/48 horas com código de rastreio. · Todos os produtos são de alta qualidade. · Ambiente seguro para pagamentos online."
setembro,PT (master Brasil),campanha - 17/09,9702:22,2788,https://www.figma.com/design/fhSNExXUuZa6qpSNZZ7kCT/?node-id=9702-22,SEMANA DO · CLIENTE · 17% · OFF · EM TODO SITE · CLIENTE · CUPOM: · COMPRAR COM 17% OFF · A Semana do Cliente não acabou na terça · Copy · Body Copy · QUERO APROVEITAR AGORA · Os destaques da Semana do Cliente · VER TUDO COM 17% OFF · ENVIO EXPRESSO · PAGAMENTO SEGURO · QUALIDADE NOS PRODUTOS · Envio rápido em 24/48 horas com código de rastreio. · Todos os produtos são de alta qualidade e originais. · Ambiente seguro para pagamentos online.
setembro,PT (master Brasil),campanha - 19/09,9702:386,2769,https://www.figma.com/design/fhSNExXUuZa6qpSNZZ7kCT/?node-id=9702-386,"//////////////////////// · Text · SEMANA DO CLIENTE · 17 · OFF · % · CLIENTE · CUPOM: · COMPRAR AGORA · Body Copy · OS DESTAQUES DA SEMANA: · O cupom CLIENTE vale no site inteiro. Clique abaixo e veja tudo. · VER TODOS OS PRODUTOS · DOMINGO, 23H59 · É quando a Semana do Cliente acaba e os preços voltam ao normal. · CLIENTE · CUPOM: · APROVEITAR ENQUANTO DÁ · ENVIO EXPRESSO · PAGAMENTO SEGURO · QUALIDADE NOS PRODUTOS · Envio rápido em 24/48 horas com código de rastreio. · Todos os produtos são de alta qualidade e originais. · Ambiente seguro para pagamentos online."
setembro,PT (master Brasil),campanha - 19/09,9910:229,2541,https://www.figma.com/design/fhSNExXUuZa6qpSNZZ7kCT/?node-id=9910-229,Title · VER O SITE · Body Copy · O QUE ELES ESCREVERAM · Review Copy · Body Copy · Review Copy · Body Copy · Review Copy · Body Copy · QUERO TRANSFORMAR MINHA CASA TAMBÉM · ENVIO EXPRESSO · PAGAMENTO SEGURO · QUALIDADE NOS PRODUTOS · Envio rápido em 24/48 horas com código de rastreio. · Todos os produtos são de alta qualidade e originais. · Ambiente seguro para pagamentos online.
setembro,EN Blue Wolf,campanha - 31/08,7080:231,3012,https://www.figma.com/design/fhSNExXUuZa6qpSNZZ7kCT/?node-id=7080-231,AUGUST · ENDS TODAY · The prices on essentials that ran all month long end at midnight. No code needed — everything is already marked on site until 11:59 PM. · GET IT WHILE YOU CAN · AUGUST CLOSING · 31 · August prices are valid until 11:59 PM. Then they go back to normal. · No coupon needed. Each item already has the August price. · September starts with different prices. This price stays in August. · The capsule you built is still there. For a few more hours. · TODAY IS STILL AUGUST. TOMORROW ISN'T. · These are just a few. The entire site still has August prices. · SEE EVERYTHING BEFORE IT'S GONE · ENVIO EXPRESSO · SECURE PAYMENT · PRODUCT QUALITY · Envio rápido em 24/48 horas com código de rastreio. · All products are high quality and original. · Secure environment for online payments.
setembro,EN Blue Wolf,campanha - 05/09,9075:13126,2661,https://www.figma.com/design/fhSNExXUuZa6qpSNZZ7kCT/?node-id=9075-13126,"IT'S COMING · NEW SEASON SALE · THREE TIME SLOTS IN ONE DAY · 7AM · 11AM · 6PM · The biggest deal that BLUE WOLF has ever launched. What comes at each time slot you'll still find out. Click below, go to the site and start getting ready for this big day. · SECURE MY ACCESS · ALREADY ON SALE WARM-UP DEALS · VIEW ALL PRODUCTS · ENVIO EXPRESSO · SECURE PAYMENT · PRODUCT QUALITY · Envio rápido em 24/48 horas com código de rastreio. · All products are high quality and original. · Secure environment for online payments."
setembro,EN Blue Wolf,campanha - 07/09,9075:13263,3207,https://www.figma.com/design/fhSNExXUuZa6qpSNZZ7kCT/?node-id=9075-13263,"WARM-UP · NEW SEASON SALE · 2 DAYS TO GO · AT THE FOLLOWING TIMES: · 7AM · 11AM · 6PM · I WANT TO GET READY · In two days · Blue Wolf enters a new season. This is the date when we turn the page and start fresh, with the best deal we've ever put out there. And it doesn't open for everyone at the same time. At 7AM it's exclusive access for those on our list. And if you opened this email, made it this far and are reading this, you're automatically part of it. That's four hours of advantage before the site opens to the public. · START BROWSING · HOW IT WORKS · EARLY ACCESS · 7AM · The site opens only for our list. Full stock with no competition. · GENERAL OPENING · 11AM · The sale goes live for the public. What's left from 7AM stays available. · LAST CALL · 6PM · Final stretch. At midnight the sale goes offline. · THE WARM-UP HAS BEGUN · All of these are already on sale. Click below and pick yours. · VIEW ALL PRODUCTS · ENVIO EXPRESSO · SECURE PAYMENT · PRODUCT QUALITY · Envio rápido em 24/48 horas com código de rastreio. · All products are high quality and original. · Secure environment for online payments."
setembro,EN Blue Wolf,campanha - 08/09,9075:13423,3767,https://www.figma.com/design/fhSNExXUuZa6qpSNZZ7kCT/?node-id=9075-13423,"IT’S TOMORROW · NEW SEASON SALE · THE BEST DEAL OF THE SEASON · AT THE FOLLOWING TIMES: · 7AM · 11AM · 6PM · I WANT TO PREPARE MY CART · Tomorrow is the day · Starting at 7AM, everything on the site goes on the best sale we've ever done. What will make the difference isn't speed, it's knowing what you want when you arrive. Those who get in at 7AM with their cart already loaded come out ahead. Today is the day to choose. Tomorrow is the day to close the deal. · START BROWSING · STILL HAVE QUESTIONS? · 1 · DO I NEED A SPECIAL SIGN-UP? · No. If you're reading this, you're already part of our exclusive list. · 2 · WHY 9.9 CUSTOMER DAY? · September is Customer Appreciation Month, and the 9th is when we prepare something special for special customers like you. · 3 · WHAT IF I CAN'T MAKE IT AT 7AM? · There's 11AM and 6PM, but some products may be sold out by then. · 4 · WILL THERE BE AN EXTENSION? · No. The 9.9 Customer Day ends at midnight. · WHAT'S INCLUDED IN TOMORROW'S SALE · These are just a few. Tomorrow the entire site goes on sale. · VIEW ALL PRODUCTS · TODAY · TOMORROW · 08/09 · 09/09 · 1 DAY TO GO · NEW SEASON SALE · Tomorrow at 7AM the site opens for you. · VIEW FULL CATALOG · ENVIO EXPRESSO · SECURE PAYMENT · PRODUCT QUALITY · Envio rápido em 24/48 horas com código de rastreio. · All products are high quality and original. · Secure environment for online payments."
setembro,EN Blue Wolf,campanha - 09/09 #2,9296:10897,4136,https://www.figma.com/design/fhSNExXUuZa6qpSNZZ7kCT/?node-id=9296-10897,"07:00 · 09:00 · 11:00 · 21:00 · 23:00 · 12:00 · 18:00 · 00:00 · 15:00 · The most popular items are selling out · 10 · 12 · 2 · 3 · 4 · 5 · 6 · 9 · 7 · 1 · That afternoon breather · Coupon in its final minutes · First orders already confirmed · Lunch break, not coupon break · Over. Regular prices are back · Last call while stock is still full · Doors are open, the day has begun · 19% OFF is live for everyone! · 11am · 6pm · 7am · Date: · 09/09/2026 · 8 · NEW SEASON SALE · New season. New wardrobe. · 19%OFF · 0909 · COUPON: · 9.9 NEW SEASON SALE is live. From your first coffee until the last light goes out. · I WANT TO SHOP NOW · The offer lasts all day, but stock won't wait. · I WANT TO SECURE MINE NOW · ON SALE NOW · Coupon 0909 applies sitewide. Click below to see the rest. · SEE ALL PRODUCTS · 9.9 NEW SEASON SALE · Happens once a year. The sale runs all day, across the entire site. What changes as the hours pass isn't the percentage—it's what's still in stock. So don't wait. Pick up the piece you've been eyeing now, while it's still available. Use 0909 at checkout. Valid until midnight. · START SHOPPING · ENVIO EXPRESSO · SECURE PAYMENT · PRODUCT QUALITY · Envio rápido em 24/48 horas com código de rastreio. · All products are high quality and original. · Secure environment for online payments."
setembro,EN Blue Wolf,campanha - 09/09 #3,9296:11195,2469,https://www.figma.com/design/fhSNExXUuZa6qpSNZZ7kCT/?node-id=9296-11195,"Breaking news · WEDNESDAY, SEPTEMBER 9, 2026 · 6 HOURS LEFT · 9.9 NEW SEASON SALE · The campaign ends today at 11:59 PM. Get 19% OFF sitewide with coupon 0909 at checkout. · 0909 · COUPON: · SHOP NOW · HEADLINE HIGHLIGHTS: · Apply coupon 0909 at checkout to see the final price with 19% off. · SEE ALL DEALS · ENVIO EXPRESSO · SECURE PAYMENT · PRODUCT QUALITY · Envio rápido em 24/48 horas com código de rastreio. · All products are high quality and original. · Secure environment for online payments."
setembro,EN Blue Wolf,campanha - 11/09,9296:11324,1735,https://www.figma.com/design/fhSNExXUuZa6qpSNZZ7kCT/?node-id=9296-11324,inventory-status · alert-date-title · ! · ACTIVE DEALS · NO COUPON REQUIRED · button-label · demand-warning · platform-unavailability · GET THE LAST ITEMS · Promotional prices are active while stocks last. Click below to see the rest. · SEE ALL DEALS · ENVIO EXPRESSO · SECURE PAYMENT · PRODUCT QUALITY · Envio rápido em 24/48 horas com código de rastreio. · All products are high quality and original. · Secure environment for online payments.
setembro,EN Blue Wolf,campanha - 14/09,9517:19742,1081,https://www.figma.com/design/fhSNExXUuZa6qpSNZZ7kCT/?node-id=9517-19742,headline-line1 · highlighted-text · headline-line3-end · badge-text · row-val-1 · row-val-2 · row-val-3 · row-label-2 · row-label-1 · row-label-3 · headline-line2 · subtitle · I WANT TO GET READY · footer-disclaimer · ENVIO EXPRESSO · SECURE PAYMENT · PRODUCT QUALITY · Envio rápido em 24/48 horas com código de rastreio. · All products are high quality and original. · Secure environment for online payments.
setembro,EN Blue Wolf,campanha - 15/09 #2,9507:5901,3176,https://www.figma.com/design/fhSNExXUuZa6qpSNZZ7kCT/?node-id=9507-5901,"QUICK VISION TEST · Look at the coupon below. What color do you see? · VIP DAY · = Your vision is perfect · = You need an eye test · = Your coupon is ready · 17%OFF · VIP · COUPON: · CLAIM MY DEAL NOW · Okay, you got it right. This was never a vision test—it was our way of telling you that today is VIP Day at Blue Wolf. The coupon you saw above gives you 17% OFF sitewide and was only sent by email. It's not on the website or social media. · VIP · I PASSED THE TEST · TODAY'S FAVORITES · VIP · The coupon is valid sitewide. Click below to see the rest. · VIEW FULL CATALOG · WHAT WE PROMISE · This coupon won't be posted on the website or social media—it's exclusive to email subscribers. It's valid today, for everyone on this list, until midnight. · SHOP BEFORE MIDNIGHT · ENVIO EXPRESSO · SECURE PAYMENT · PRODUCT QUALITY · Envio rápido em 24/48 horas com código de rastreio. · All products are high quality and original. · Secure environment for online payments."
setembro,EN Blue Wolf,campanha - 15/09 #3,9507:6075,3553,https://www.figma.com/design/fhSNExXUuZa6qpSNZZ7kCT/?node-id=9507-6075,"QuestionNumber · headline-line1 · QuestionText · OptionText · badge-text · Three quick questions before the day ends. All about an offer that expires at midnight. · SHOP VIP DAY · VIP · GOT ALL THREE RIGHT? HERE'S YOUR PRIZE: · 17%OFF · VIP · COUPON: · USE COUPON · THERE'S STILL TIME · The coupon is valid sitewide. Click below to see the rest. · VIP · VIEW FULL CATALOG · HOW DID YOU DO? · Whether you got them right or not, the result is the same: 17% OFF sitewide until midnight. After that, prices return to normal, and VIP Day won't be back until September next year. · SHOP BEFORE MIDNIGHT · ENVIO EXPRESSO · SECURE PAYMENT · PRODUCT QUALITY · Envio rápido em 24/48 horas com código de rastreio. · All products are high quality and original. · Secure environment for online payments."
setembro,EN Blue Wolf,campanha - 17/09,9733:208,2788,https://www.figma.com/design/fhSNExXUuZa6qpSNZZ7kCT/?node-id=9733-208,VIP WE EK · 17% · OFF · SITEWIDE · VIP · COUPON: · SHOP WITH 17% OFF · The VIP Week didn't end on Tuesday · Copy · Body Copy · I WANT TO SHOP NOW · The highlights of VIP Week · SEE ALL WITH 17% OFF · ENVIO EXPRESSO · SECURE PAYMENT · PRODUCT QUALITY · Envio rápido em 24/48 horas com código de rastreio. · All products are high quality and original. · Secure environment for online payments.
setembro,EN Blue Wolf,campanha - 19/09,9733:345,2769,https://www.figma.com/design/fhSNExXUuZa6qpSNZZ7kCT/?node-id=9733-345,"//////////////////////// · Text · VIP WEEK · 17 · OFF · % · VIP · COUPON: · SHOP NOW · Body Copy · THIS WEEK'S HIGHLIGHTS: · The coupon VIP is valid sitewide. Click below and see everything. · SEE ALL PRODUCTS · SUNDAY, 11:59 PM · That's when VIP Week ends and prices go back to normal. · VIP · COUPON: · GRAB IT WHILE YOU CAN · ENVIO EXPRESSO · SECURE PAYMENT · PRODUCT QUALITY · Envio rápido em 24/48 horas com código de rastreio. · All products are high quality and original. · Secure environment for online payments."
setembro,EN Blue Wolf,campanha - 19/09,9939:3753,2541,https://www.figma.com/design/fhSNExXUuZa6qpSNZZ7kCT/?node-id=9939-3753,Title · VIEW THE WEBSITE · Body Copy · WHAT THEY WROTE · Review Copy · Body Copy · Review Copy · Body Copy · Review Copy · Body Copy · I WANT TO BE THE NEXT · ENVIO EXPRESSO · SECURE PAYMENT · PRODUCT QUALITY · Envio rápido em 24/48 horas com código de rastreio. · All products are high quality and original. · Secure environment for online payments.
